structureId,classification,macromoleculeType_df1,residueCount_df1,resolution,sequence,residueCount_df2
1U1E,TRANSFERASE,Protein,1536,2.0,GSHMSKSDVFHLGLTKNDLQGATLAIVPGDPDRVEKIAALMDKPVKLASHREFTTWRAELDGKPVIVCSTGIGGPSTSIAVEELAQLGIRTFLRIGTTGAIQPHINVGDVLVTTASVRLDGASLHFAPLEFPAVADFECTTALVEAAKSIGATTHVGVTASSDTFYPGQERYDTYSGRVVRHFKGSMEEWQAMGVMNYEMESATLLTMCASQGLRAGMVAGVIVNRTQQEIPNAETMKQTESHAVKIVVEAARRLL,1536
1DX9,FLAVOPROTEIN,Protein,676,2.05,SKKIGLFYGTQTGKTESVAEIIRDEFGNDVVTLHDVSQAEVTDLNDYQYLIIGCPTANIGELQSDWEGLYSELDDVDFNGKLVAYFGTGDQIGYADNFQDAIGILEEKISQRGGKTVGYWSTDGYDFNDSKALRNGKFVGLALDEDNQSDLTDDRIKSWVAQLKSEFGL,676
3RRV,ISOMERASE,Protein,1656,2.45,MAHHHHHHMGTLEAQTQGPGSMVYDMPTEIDVRADGALRIITLNRPDSLNSVNDDLHVGLARLWQRLTDDPTARAAVITGAGRAFSAGGDFGYLKELSADADLRAKTIRDGREIVLGMARCRIPVVAAVNGPAVGLGCSLVALSDIVYIAENAYLADPHVQVGLVAADGGPLTWPLHISLLLAKEYALTGTRISAQRAVELGLANHVADDPVAEAIACAKKILELPQQAVESTKRVLNIHLERAVLASLDYALSAESQSFVTEDFRSIVTKLADKN,1656
1SYV,IMMUNE SYSTEM,Protein,385,1.7,EEFGRAFSF,385
3F9Z,TRANSFERASE,Protein,704,1.6,AKRHRKVLRD,704
3MYR,OXIDOREDUCTASE,Protein,3320,2.1,ARRPSVIWLSFQECTGCTESLTRAHAPTLEDLILDFISLDYHHTLQAASGEAAEAARLQAMDENRGQYLVIVDGSIPGPDANPGFSTVAGHSNYSILMETVEHAAAVIAVGTCAAFGGLPQARPNPTGAMSVMDLVRDKPVINVPGCPPIPMVITGVIAHYLVFGRLPELDGYGRPLAFYGQSIHDRCYRRPFYDKGLFAESFDDEGAKQGWCLYRLGCKGPTTYNACATMKWNDGTSWPVEAGHPCLGCSEPQFWDAGGFYEPVSVPL,3320
4PBW,SIGNALING PROTEIN,Protein,1746,3.05,ETGESPPVFIKKPVDQIGVSGGVASFVCQATGDPKPRVTWNKKGKKVNSQRFETIEFDESAGAVLRIQPLRTPRDENIYECVAQNPHGEVTVHAKLTVLREDQLPPGFPNIDMGPQLKVVERTRTATMLCAASGNPDPEITWFKDFLPVDPSTSNGRIKQLRSGGLQIESSEETDQGKYECVASNSAGVRYSSPANLYVRVRRVAPRFSILPVSHEIMPGGNVNITCVAVGSPMPYVKWMQGAEDLTPEDDMPVGRNVLELTDVKDSANYTCVAMSSLGVIEAVAQITVKSKGHHHHHH,1746
4XB6,TRANSFERASE,Protein,1958,1.7,MHADTATRQHWMSVLAHSQPAELAARLNALNITADYEVIRAAETGLVQIQARMGGTGERFFAGDATLTRAAVRLTDGTLGYSWVQGRDKQHAERCALIDALMQQSRHFQNLSETLIAPLDADRMARIAARQAEVNASRVDFFTMVRGDNA,1958
1RM6,OXIDOREDUCTASE,Protein,2508,1.6,MNILTDFRTHRPATLADAVNALAAEATLPLGAGTDLLPNLRRGLGHPAALVDLTGIDGLATISTLADGSLRIGAGATLEAIAEHDAIRTTWPALAQAAESVAGPTHRAAATLGGNLCQDTRCTFYNQSEWWRSGNGYCLKYKGDKCHVIVKSDRCYATYHGDVAPALMVLDARAEIVGPAGKRTVPVAQLFRESGAEHLTLEKGELLAAIEVPPTGAWSAAYSKVRIRDAVDFPLAGVAAALQRDGDRIAGLRVAITGSNSAPLMVPVDALLGGNWDDAAAETLAQLVRKTSNVLRTTITGVKYRRRVLLAISRKVVDQLWEAR,2508
1RM6,OXIDOREDUCTASE,Protein,2508,1.6,MKNILRLTLNGRAREDLVPDNMLLLDYLRETVGLTGTKQGCDGGECGACTVLVDDRPRLACSTLAHQVAGKKVETVESLATQGTLSKLQAAFHEKLGTQCGFCTPGMIMASEALLRKNPSPSRDEIKAALAGNLCRCTGYVKIIKSVETAAAARLCEEGAR,2508
4BA3,PROTEIN TRANSPORT/PEPTIDE,Protein,508,2.1,GSGMKETAAAKFERQHMDSPDLGTDDDDKAMADIGSNQGTVNWSVEDIVKGINSNNLESQLQATQAARKLLSREKQPPIDNIIRAGLIPKFVSFLGKTDCSPIQFESAWALTNIASGTSEQTKAVVDGGAIPAFISLLASPHAHISEQAVWALGNIAGDGSAFRDLVIKHGAIDPLLALLAVPDLSTLACGYLRNLTWTLSNLCRNKNPAPPLDAVEQILPTLVRLLHHNDPEVLADSCWAISYLTDGPNERIEMVVKKGVVPQLVKLLGATELPIVTPALRAIGNIVTGTDEQTQKVIDAGALAVFPSLLTNPKTNIQKEATWTMSNITAGRQDQIQQVVNHGLVPFLVGVLSKADFKTQKEAAWAITNYTSGGTVEQIVYLVHCGIIEPLMNLLSAKDTKIIQVILDAISNIFQAAEKLGETEKLSIMIEECGGLDKIEALQRHENESVYKASLNLIEKYFSVEEEEDQNVVPETTSEGFAFQVQDGAPGTFNF,508
4EWP,TRANSFERASE,Protein,2100,2.2,MTVTLKQHERPAASRIVAVGAYRPANLVPNEDLIGPIDSSDEWIRQRTGIVTRQRATAEETVPVMAVGAAREALERAGLQGSDLDAVIVSTVTFPHATPSAAALVAHEIGATPAPAYDVSAACAGYCYGVAQADALVRSGTARHVLVVGVERLSDVVDPTDRSISFLLGDGAGAVIVAASDEPGISPSVWGSDGERWSTISMTHSQLELRDAVEHARTTGDASAITGAEGMLWPTLRQDGPSVFRWAVWSMAKVAREALDAAGVEPEDLAAFIPHQANMRIIDEFAKQLKLPESVVVARDIADAGNTSAASIPLAMHRLLEENPELSGGLALQIGFGAGLVYGAQVVRLP,2100
1MT5,HYDROLASE,Protein,8592,2.8,ARGAATRARQKQRASLETMDKAVQRFRLQNPDLDSEALLTLPLLQLVQKLQSGELSPEAVFFTYLGKAWEVNKGTNCVTSYLTDCETQLSQAPRQGLLYGVPVSLKECFSYKGHDSTLGLSLNEGMPSESDCVVVQVLKLQGAVPFVHTNVPQSMLSFDCSNPLFGQTMNPWKSSKSPGGSSGGEGALIGSGGSPLGLGTDIGGSIRFPSAFCGICGLKPTGNRLSKSGLKGCVYGQTAVQLSLGPMARDVESLALCLKALLCEHLFTLDPTVPPLPFREEVYRSSRPLRVGYYETDNYTMPSPAMRRALIETKQRLEAAGHTLIPFLPNNIPYALEVLSAGGLFSDGGRSFLQNFKGDFVDPCLGDLILILRLPSWFKRLLSLLLKPLFPRLAAFLNSMRPRSAEKLWKLQHEIEMYRQSVIAQWKAMNLDVLLTPMLGPALDLNTPGRATGAISYTVLYNCLDFPAGVVPVTTVTAEDDAQMELYKGYFGDIWDIILKKAMKNSVGLPVAVQCVALPWQEELCLRFMREVEQLMT,8592
5I0A,SPLICING,Protein,144,1.5,CLAEGTRIFDPVTGTTHRIEDVVDGRKPIHVVAAAKDGTLHARPVVSWFDQGTRDVIGLRIAGGAILWATPDHKVLTEYGWRAAGELRKGDRVAVRDVETGELRYSVIREVLPTRRARTFDLEVEELHTLVAEGVVVHACSPPF,144
2YGD,CHAPERONE,Protein,4200,9.4,MDIAIHHPWIRRPFFPFHSPSRLFDQFFGEHLLESDLFPTSTSLSPFYLRPPSFLRAPSWFDTGLSEMRLEKDRFSVNLDVKHFSPEELKVKVLGDVIEVHGKHEERQDEHGFISREFHRKYRIPADVDPLTITSSLSSDGVLTVNGPRKQVSGPERTIPITREEKPAVTAAPKK,4200
4B04,HYDROLASE,Protein,640,2.2,MHADEVWPGLYLGDQDMANNRRELRRLGITHVLNASHSRWRGTPEAYEGLGIRYLGVEAHDSPAFDMSIHFQTAADFIHRALSQPGGKILVHSAVGVSRSATLVLAYLMLYHHLTLVEAIKKVKDHRGIIPNRGFLRQLLALDRRLRQGLEALEHHHHHH,640
2YLZ,OXIDOREDUCTASE,Protein,542,2.0,MAGQTTVDSRRQPPEEVDVLVVGAGFSGLYALYRLRELGRSVHVIETAGDVGGVWYWNRYPGARCDIESIEYCYSFSEEVLQEWNWTERYASQPEILRYINFVADKFDLRSGITFHTTVTAAAFDEATNTWTVDTNHGDRIRARYLIMASGQLSVPQLPNFPGLKDFAGNLYHTGNWPHEPVDFSGQRVGVIGTGSSGIQVSPQIAKQAAELFVFQRTPHFAVPARNAPLDPEFLADLKKRYAEFREESRNTPGGTHRYQGPKSALEVSDEELVETLERYWQEGGPDILAAYRDILRDRDANERVAEFIRNKIRNTVRDPEVAERLVPKGYPFGTKRLILEIDYYEMFNRDNVHLVDTLSAPIETITPRGVRTSEREYELDSLVLATGFDALTGALFKIDIRGVGNVALKEKWAAGPRTYLGLSTAGFPNLFFIAGPGSPSALSNGLVSIEQHVEWVTDHIAYMFKNGLTRSEAVLEKEDEWVEHVNEIADETLYPMTASWYTGANVPGKPRVFMLYVGGFHRYRQICDEVAAKGYEGFVLT,542
1HA7,PHOTOSYNTHESIS,Protein,4008,2.2,MKTPLTEAVSIADSQGRFLSSTEIQVAFGRFRQAKAGLEAAKALTSKADSLISGAAQAVYNKFPYTTQMQGPNYAADQRGKDKCARDIGYYLRMVTYCLIAGGTGPMDEYLIAGIDEINRTFELSPSWYIEALKYIKANHGLSGDAATEANSYLDYAINALS,4008
1HA7,PHOTOSYNTHESIS,Protein,4008,2.2,MFDAFTKVVSQADTRGEMLSTAQIDALSQMVAESNKRLDAVNRITSNASTIVSNAARSLFAEQPQLIAPGGNAYTSRRMAACLRDMEIILRYVTYAVFAGDASVLEDRCLNGLRETYLALGTPGSSVAVGVGKMKEAALAIVNDPAGITPGDCSALASEIASYFDRACAAVS,4008
4CV1,OXIDOREDUCTASE,Protein,2256,1.95,MKHHHHHHPMSDYDIPTTENLYFQGAMVNLENKTYVIMGIANKRSIAFGVAKVLDQLGAKLVFTYRKERSRKELEKLLEQLNQPEAHLYQIDVQSDEEVINGFEQIGKDVGNIDGVYHSIAFANMEDLRGRFSETSREGFLLAQDISSYSLTIVAHEAKKLMPEGGSIVATTYLGGEFAVQNYNVMGVAKASLEANVKYLALDLGPDNIRVNAISAGPIRTLSAKGVGGFNTILKEIEERAPLKRNVDQVEVGKTAAYLLSDLSSGVTGENIHVDSGFHAIK,2256
4PR9,"CELL ADHESION, STRUCTURAL PROTEIN",Protein,1056,3.2,GEVINQPMMMAARQLHDEARKWSSKGNDIIAAAKRMALLMAEMSRLVRGGSGTKRALIQCAKDIAKASDEVTRLAKEVAKQCTDKRIRTNLLQVCERIPTISTQLKILSTVKATMLGRTNISDEESEQATEMLVHNAQNLMQSVKETVREAEAASIKIRTDAGFTLRWVAKTPWYQ,1056
3GAI,TRANSFERASE,Protein,194,1.48,GASAPMVKIYTKNGDKGQTRIIGKQILYKNDPRVAAYGEVDELNSWVGYTKSLINSHTQVLSNELEEIQQLLFDCGHDLATPADDERHSFKFKQEQPTVWLEEKIDNYTQVVPAVKKAILPGGTQLASALHVARTITRRAERQIVQLMREEQINQDVLIFINRLSDYFFAAARYANYLEQQPDMLYRNSKDVFR,194
1O01,OXIDOREDUCTASE,Protein,4000,2.15,SAAATQAVPAPNQQPEVFCNQIFINNEWHDAVSRKTFPTVNPSTGEVICQVAEGDKEDVDKAVKAARAAFQLGSPWRRMDASHRGRLLNRLADLIERDRTYLAALETLDNGKPYVISYLVDLDMVLKCLRYYAGWADKYHGKTIPIDGDFFSYTRHEPVGVCGQIIPWNFPLLMQAWKLGPALATGNVVVMKVAEQTPLTALYVANLIKEAGFPPGVVNIVPGFGPTAGAAIASHEDVDKVAFTGSTEIGRVIQVAAGSSNLKRVTLELGGKSPNIIMSDADMDWAVEQAHFALFFNQGQCCCAGSRTFVQEDIYDEFVERSVARAKSRVVGNPFDSKTEQGPQVDETQFKKILGYINTGKQEGAKLLCGGGIAADRGYFIQPTVFGDVQDGMTIAKEEIFGPVMQILKFKTIEEVVGRANNSTYGLAAAVFTKDLDKANYLSQALQAGTVWVNCYDVFGAQSPFGGYKMSGSGRELGEYGLQAYTEVKTVTVKVPQKNS,4000
3K4M,OXIDOREDUCTASE,Protein,4984,2.2,MSTSSSDPFFNFAKSSFRSAAAQKASASSLPPLPGPDKKVPGMDIKYDVVIVGSGPIGCTYARELVGAGYKVAMFDIGEIDSGLKIGAHKKNTVEYQKNIDKFVNVIQGQLMSVSVPVNTLVVDTLSPTSWQASTFFVRNGSNPEQDPLRNLSGQAVTRVVGGMSTHWTCATPRFDREQRPLLVKDDADADDAEWDRLYTKAESYFQTGTDQFKESIRHNLVLNKLTEEYKGQRDFQQIPLAATRRSPTFVEWSSANTVFDLQNRPNTDAPEERFNLFPAVACERVVRNALNSEIESLHIHDLISGDRFEIKADVYVLTAGAVHNTQLLVNSGFGQLGRPNPANPPELLPSLGSYITEQSLVFCQTVMSTELIDSVKSDMTIRGTPGELTYSVTYTPGASTNKHPDWWNEKVKNHMMQHQEDPLPIPFEDPEPQVTTLFQPSHPWHTQIHRDAFSWGAVQQSIDSRLIVDWRFFGRTEPKEENKLWFSDKITDAYNMPQPTFDFRFPAGRTSKEAEDMMTDMCVMSAKIGGFLPGSLPQFMEPGLVLHLGGTHRMGFDEKEDNCCVNTDSRVFGFKNLFLGGCGNIPTAYGANPTLTAMSLAIKSCEYIKQNFTPSPFTSEAQ,4984
3SL0,HYDROLASE/HYDROLASE INHIBITOR,Protein,413,2.0,MGSSHHHHHHSSGLVPRGSHMASKNVSIIGSPLAAGQPLGGVQLACDDLRKLGLHNVIDVLGWKYEDIGNIDNGDNEMKQEKKTNNYINNNDNNNDNNNDNNNDNNNNCYIPNGVIKEKKHDLSNNKMNGYVNHNFYGNYEENNVISTNDKYKNNCYYDNIRNIKEIGIFSKNLFDTMSNELRKKNFVLNIGGDHGVAFSSILSSLQMYQNLRVIWIDAHGDINIPETSPSGNYHGMTLAHTLGLFKKKVPYFEWSENLTYLKPENTAIIGIRDIDAYEKIILKKCNINYYTIFDIEKNGIYNTICTALEKIDPNSNCPIHISLDIDSVDNVFAPGTGTVAKGGLNYREINLLMKILAETKRVVSMDLVEYNPSLDEVDKKVHGDSLPILDNATKTGKLCLELIARVLGYDIV,413
2H4U,HYDROLASE,Protein,580,2.2,MHHHHHHSSGVDLGTENLYFQSMRNFERVLGKITLVSAAPGKVICEMKVEEEHTNAIGTLHGGLTATLVDNISTMALLCTERGAPGVSVDMNITYMSPAKLGEDIVITAHVLKQGKTLAFTSVDLTNKATGKLIAQGRHTKHLGN,580
5TJT,VIRAL PROTEIN,Protein,1794,9.0,AVNQSSSVEVSSESYETIFSQRIIRDLQKELVVGALFEELPMSSKILTMLVEPDAGKATWVAASTYGTDTTTGEEVKGALKEIHFSTYKLAAKSFITDETEEDAIFSLLPLLRKRLIEAHAVSIEEAFMTGDGSGKPKGLLTLASEDSAKVVTEAKADGSVLVTAKTISKLRRKLGRHGLKLSKLVLIVSMDAYYDLLEDEEWQDVAQVGNDSVKLQGQVGRIYGLPVVVSEYFPAKANSAEFAVIVYKDNFVMPRQRAVTVERERQAGKQRDAYYVTQRVNLQRYFANGVVSGTYAAS,1794
4QZ5,HYDROLASE/HYDROLASE INHIBITOR,Protein,6614,2.8,TQIANAGASPMVNTQQPIVTGTSVISMKYDNGVIIAADNLGSYGSLLRFNGVERLIPVGDNTVVGISGDISDMQHIERLLKDLVTENAYDNPLADAEEALEPSYIFEYLATVMYQRRSKMNPLWNAIIVAGVQSNGDQFLRYVNLLGVTYSSPTLATGFGAHMANPLLRKVVDRESDIPKTTVQVAEEAIVNAMRVLYYRDARSSRNFSLAIIDKNTGLTFKKNLQVENMKWDFAKDIKGYGTQKI,6614
5P8Z,TRANSFERASE/TRANSFERASE inhibitor,Protein,221,1.42,MGDTKEQRILRYVQQNAKPGDPQSVLEAIDTYCTQKEWAMNVGDAKGQIMDAVIREYSPSLVLELGAYCGYSAVRMARLLQPGARLLTMEINPDCAAITQQMLNFAGLQDKVTILNGASQDLIPQLKKKYDVDTLDMVFLDHWKDRYLPDTLLLEKCGLLRKGTVLLADNVIVPGTPDFLAYVRGSSSFECTHYSSYLEYMKVVDGLEKAIYQGPSSPDKS,221
4C3J,TRANSCRIPTION,Protein,5236,3.35,MSKLSKDYVSDSDSDDEVISNEFSIPDGFKKCKHLKNFPLNGDNKKKAKQQQVWLIKFPSNVDISKLKSLPVDFESSTTMTIDKHDYKIMDDTDIESSLTQDNLSNMTLLVPSESKESLKIASTAKDNAPLQFDKVFSVSETAKIPAIDYSKVRVPRKDVPKVEGLKLEHFATGYDAEDFHVAEEVKENKKEPKKRSHHDDEEESSEKKKKKKEKREKREKKDKKDKKKKHRD,5236
3T49,IMMUNE SYSTEM,Protein,292,1.45,GSTGSAEELRTLLNKSNVYALAAGSLNPYYKRTIMMNEYRAKAALKKNDFVSMADAKVALEKIYKEIDEIINR,292
4UT0,HYDROLASE/DNA,Protein#DNA,747,2.4,AHNNENVSGISAYLLGLIIGDGGLYKLKYKGNRSEYRVVITQKSENLIKQHIAPLMQFLIDELNVKSKIQIVKGDTRYELRVSSKKLYYYFANMLERIRLFNMREQIAFIKGLYVAEGDKTLKRLRIWNKNKALLEIVSRWLNNLGVRNTIHLDDHRHGVYVLNISLRDRIKFVHTILSSHLNPLPPEAAALEHHHHHH,747
4NE1,DNA binding protein/DNA,Protein#DNA,3788,6.5,SYQQRLKAAVHYTVGCLCEEVALDKAMQFSKQTIAAISELTFRQCENFAKDLEMFARHAKRTTINTEDVKLLARRSNSLLKYITDKSEEIAQANLERKAQKKKKS,3788
1YM4,HYDROLASE/HYDROLASE INHIBITOR,Protein,1239,2.25,GPDEEPEEPGRRGSFVEMVDNLRGKSGQGYYVEMTVGSPPQTLNILVDTGSSNFAVGAAPHPFLHRYYQRQLSSTYRDLRKGVYVPYTQGKWEGELGTDLVSIPHGPNVTVRANIAAITESDKFFINGSNWEGILGLAYAEIARPDDSLEPFFDSLVKQTHVPNLFSLQLCGAGFPLNQSEVLASVGGSMIIGGIDHSLYTGSLWYTPIRREWYYEVIIVRVEINGQDLKMDCKEYNYDKSIVDSGTTNLRLPKKVFEAAVKSIKAASSTEKFPDGFWLGEQLVCWQAGTTPWNIFPVISLYLMGEVTNQSFRITILPQQYLRPVEDVATSQDDCYKFAISQSSTGTVMGAVIMEGFYVVFDRARKRIGFAVSACHVHDEFRTAAVEGPFVTLDMEDCGYNIPQTDES,1239
5A4X,LIPID BINDING PROTEIN,Protein,354,2.2,MTTACPARTSSLMDDLLGLLRIRIKRGVNLAVRDISSSDPYVVVKMGSQKLKTRVINKDVNPEWNEDLTLSVTDSNLTVLLTVYDHDMFSKDDKMGDAEFEIKPYIEALRMQLGGLPSGTIVTTVKPSRRNCLAEESRVTWVDGKLVQDLVLRLRHVECGEVEAQLQWIDLPGSSGL,354
3R8K,APOPTOSIS,Protein,848,2.85,MRGSAEPLQPDPGAAEDAAAQAVETPGWKAPEDAGPQPGSYEIRHYGPAKWVSTSVESMDWDSAIQTGFTKLNSYIQGKNEKEMKIKMTAPVTSYVEPGSGPFSESTITISLYIPSEQQFDPPRPLESDVFIEDRAEMTVFVRSFDGFSSAQKNQEQLLTLASILREDGKVFDEKVYYTAGYNSPVKLLNRNNEVWLIQKNEPTKENELVPR,848
4M4R,TRANSFERASE,Protein,2636,3.13,AAAVADRYAVYWNSSNPRFQRGDYHIDVCINDYLDVFCPHYEDSVPEDKTERYVLYMVNFDGYSACDHTSKGFKRWECNRPHSPNGPLKFSEKFQLFTPFSLGFEFRPGREYFYISSAIPDNGRRSCLKLKVFVRPTNSCM,2636
4E5O,TRANSFERASE,Protein,1842,1.7,MLVVGSELQSDAQQLSAEAPRHGELQYLRQVEHILRCGFKKEDRTGTGTLSVFGMQARYSLRDEFPLLTTKRVFWKGVLEELLWFIKGSTNAKELSSKGVRIWDANGSRDFLDSLGFSARQEGDLGPVYGFQWRHFGAEYKDMDSDYSGQGVDQLQKVIDTIKTNPDDRRIIMCAWNPKDLPLMALPPCHALCQFYVVNGELSCQLYQRSGDMGLGVPFNIASYALLTYMIAHITGLQPGDFVHTLGDAHIYLNHIEPLKIQLQREPRPFPKLKILRKVETIDDFKVEDFQIEGYNPHPTIKMEMAV,1842
2V64,CELL CYCLE,Protein,1296,2.9,MHHHHHHGSALQLSREQGITLRGSAEIVAEFFSFGINSILYQRGIYPSETFTRVQKYGLTLLVTTDLELIKYLNNVVEQLKDWLYKCSVQKLVVVISNIESGEVLERWQFDIECDKGSGEKSQKAIQDEIRSVIRQITATVTFLPLLEVSCSFDLLIYTDKDLVVPEKWEESGPQFITNSEEVRLRSFTTTIHKVNSMVAYKIPVND,1296
2PMY,"STRUCTURAL GENOMICS, UNKNOWN FUNCTION",Protein,182,2.3,MHHHHHHSSGRENLYFQGADGDGEELARLRSVFAACDANRSGRLEREEFRALCTELRVRPADAEAVFQRLDADRDGAITFQEFARGFLGSL,182
5XXU,RIBOSOME,Protein#RNA,7101,3.35,MGRVRTRTVKRAARQIVEKYYAKLTLDFQINKKISEEVAVIPSKRMRNRVAGFVTHLMKRIQKGPVRGISLKLQEEERERRMDFVPERSEVDVATITVDQDTADMLRALDINLPNVVVPSAGRPSNNQNRRN,7101
4NDY,DNA Binding Protein/DNA,Protein#DNA,1894,7.0,SGFRKELVSRLLHLHFKDDKTKVSGDALQLMVELLKVFVVEAAVRGVRQAQAEDALRVDVDQLEKVLPQLLLDF,1894
4IKD,PROTEIN TRANSPORT,Protein,172,1.6,MSENQEQEEVITVRVQDPRVQNEGSWNSYVDYKIFLHTNSKAFTAKTSCVRRRYREFVWLRKQLQRNAGLVPVPELPGKSTFFGTSDEFIEKRRQGLQHFLEKVLQSVVLLSDSQLHLFLQSQLSVPEIEACVQGRSTMTVSDAILRYAMSNCGWAQEERQSSSLEHHHHHH,172
3WB2,TRANSFERASE,Protein,664,2.44,MVVMEEIIKKAFIESINNIRRGDKEEELKKIQEKIVNAKKIVVATNNQKKFKVIRDIMLRVCNAEIKMLDIDTRFADLTRMPALTKGLIALDIEKADLYIARGRLGAPGSGSMLVILDEKGRVLTASLSPSSVIHKEDIEERIKKELIEALSRIGISILEHHHHHH,664
3ELU,TRANSFERASE,Protein,300,2.0,MKHHHHHHGKAAGVTLGEVWKRQLNMLGKQEFERYKVSDITEVDRTAARRYLKEGRTDVGISVSRGAAKIRWLHERGYLRITGRVLDLGCGRGGWSYYAAAQKEVMSVKGYTLGIEGHEKPIHMQTLGWNIVKFKDKSNVFTMPTEPSDTLLCDIGESSSNPLVERDRTMKVLENFERWKHVNTENFCVKVLAPYHPDVIEKLERLQLRFGGGIVRVPFSRNSTHEMYYISGARNNITHMVNTTSRSLLRRMTRPSGKAIIEGDVFLPTGTRSVASEAGTIDHEALKLRVDQIKAEYSKT,300
3EP6,LYASE,Protein,327,1.7,MEAAHFFEGTEKLLEVWFSRQQPDANQGSGDLRTIPRSEWDILLKDVQCSIISVTKTDKQEAYVLSE,327
5CFZ,OXIDOREDUCTASE,Protein,610,1.97,MHHHHHHSSGLVPRGSGMKETAAAKFERQHMDSPDLGTDDDDKMGFLSGKRILVTGVASKLSIAYGIAQAMHREGAELAFTYQNDKLKGRVEEFAAQLGSDIVLQCDVAEDASIDTMFAELGKVWPKFDGFVHSIGFAPGDQLDGDYVNAVTREGFKIAHDISSYSFVAMAKACRSMLNPGSALLTLSYLGAERAIPNYNVMGLAKASLEANVRYMANAMGPEGVRVNAISAGPIRTLAASGIKDFRKMLAHCEAVTPIRRTVTIEDVGNSAAFLCSDLSAGISGEVVHVDGGFSIAAMNELELK,610
1VC0,TRANSLATION/RNA,Protein#RNA,176,2.5,GAUGGCCGGCAUGGUCCCAGCCUCCUCGCUGGCGCCGGCUGGGCAACACCAUUGCACUCCGGUGGUGAAUGGGACU,176
1ZFV,RNA,RNA,61,2.4,UCGUGGUACAUUACCUGCC,61
2ZUT,TRANSFERASE,Protein,3036,1.9,MTSTGRFTLPSEENFAEKTKELAELWGADAIRNSDGTHLDEAVLALGKKIYNAYFPTRAHNEWITLHMDETPQVYLLTDRILAESDTVDIPLMESFFAEQLKPNRDADPHKYWEVVDRTTGEVVDSANWTLDADEDTVHVSGVAAWHEYTVSFLAYIIWDPVEMYNHLTNDWGDKEHEIPFDIYHPATRKFVFDTFEQWLKDSPQTDVVRFTTFFYQFTLLFDEKRREKVVDWFGCACTVSPRALDDFEAKYGYRLRPEDFVDGGAYNSAWRVPRKAQRDWIDFLSGFVRENVKQLADMSHAAGKEAMMFLGDQWIGTEPYKDGFDELGLDAVVGSIGDGTTTRMIADIPGVKYTEGRFLPYFFPDTFYEGNDPSIEGLDNWRKARRAILRSPISRMGYGGYLSLAAKFPKFVDTVTHIANEFRDIHDRTGGVAAEGELNVAILNSWGKMRSWMAFTVAHALPNKQTYSYYGILESLSGMRVNVRFISFDDVLAHGIDSDIDVIINGGPVDTAFTGGDVWTNPKLVETVRAWVRGGGAFVGVGEPSSAPRFQTGRFFQLADVIGVDEERYQTLSVDKYFPPVVPDHFITADVPVDPAAREAWEQAGYRIPLSGCGGGQSIKPLGGIDFGEPVLNTYPVNENVTLLRADGGQVQLATNDYGKGRGVYISGLPYSAANARLLERVLFYASHNEDKYAAWSSSNPECEVAHFPEQGLYCVINNTDQPQKTTVTLADGTTEDFDLPDSGIAWREALEHHHHHH,3036
3CCK,IMMUNE SYSTEM,Protein,236,1.8,VSSCSEDWVGYQRKCYFISTVKRSWTSAQNACSEHGATLAVIDSEKDMNFLKRYAGREEHWVGLKKEPGHPWKWSNGKEFNNWFNVTGSDKCVFLKNTEVSSMECEKNLYWICNKPYK,236
2GER,OXIDOREDUCTASE,Protein,1605,3.1,RAMSVGFIGAGQLAFALAKGFTAAGVLAAHKIMASSPDMDLATVSALRKMGVKLTPHNKETVQHSDVLFLAVKPHIIPFILDEIGADIEDRHIVVSCAAGVTISSIEKKLSAFRPAPRVIRCMTNTPVVVREGATVYATGTHAQVEDGRLMEQLLSSVGFCTEVEEDLIDAVTGLSGSGPAYAFTALDALADGGVKMGLPRRLAVRLGAQALLGAAKMLLHSEQHPGQLKDNVSSPGGATIHALHVLESGGFRSLLINAVEASCIRTRELQSMADQEQVSPAAIKKTILDKVKLDSPAGTALSPSGHTKLLPRSLAPAGKD,1605
3RGD,OXIDOREDUCTASE,Protein,4224,2.89,MVSQVRQNYHSDCEAAVNRMLNLELYASYTYSSMYAFFDRDDVALHNVAEFFKEHSHEEREHAEKFMKYQNKRGGRVVLQDIKKPERDEWGNTLEAMQAALQLEKTVNQALLDLHKLATDKVDPHLCDFLESEYLEEQVKDIKRIGDFITNLKRLGLPENGMGEYLFDKHSVKESS,4224
3EQO,HYDROLASE,Protein,1516,2.25,EAEAEFLGSTCSSPLTHGSAAPGDPFWLQNIQHQGIAAFNGNPGGYPVFRNVKNYGAKGDGNTDDTAAIQAAINAGGRCGQGCDSTTTQPALVYFPPGTYKVSSPLVVLYQTQLIGDAKNLPTLLAAPNFSGIALIDADPYLAGGAQYYVNQNNFFRSVRNFVIDLRQVSGSATGIHWQVSQATSLINIVFQMSTAAGNQHQGIFMENGSGGFLGDLVFNGGNIGATFGNQQFTVRNLTFNNANTAINAIWNWGWTFQRITINNCQVGFDLTQGGTSNTGAQGVGAEAIIDAVVTNTQTFVRWSGASSGHLQGSLVLNNIQLTNVPVAVGVKGGPTVLAGGTTTINSWAQGNVYHGTNGNPTFTQGNIANINRPGVLLDSTGRIVSKSHPQYTGYAPSDFVSVRSQGAKGDGHTDDTQAIKNVFAKYAGCKIIFFDAGTYIVTDTIQIPAGTQIVGEVWSVIMGTGSKFTDYNNPQPVIQVGAPGSSGVVEITDMIFTTRGPAAGAIIVEWNVHDPSGQQAAAGAWDTHLIIGGTAQSGLQVGQCPTSGAGGNNCFADFLGLHLTSGSSAYLEGMWVWLADHDLDSGGSQQISLWSNGGIMSESQGPVWLIGTASEHHINYQYFLKNAANHYIGLAQTETPYFQPNPNPPAPFITNSNFDPSQLGQGDAWAMTVQNSHGILVFGAGFYSFFSAYNTGCQSPQNCQNQIVNVDSSSDIAFYSLTTVDTTWQFSVNAQGVINRSNNPNGFADTITAWTRN,1516
2NOF,"Hydrolase, Lyase/DNA",Protein#DNA,355,2.35,AMADIGSEFGHRTLASTPALWASIPCPRSELRLDLVLPSGQSFRWREQSPAHWSGVLADQVWTLTQTEEQLHCTVYRGDKSQASRPTPDELEAVRKYFQLDVTLAQLYHHWGSVDSHFQEVAQKFQGVRLLRQDPIECLFSFICSSCNNIARITGMVERLCQAFGPRLIQLDDVTYHGFPSLQALAGPEVEAHLRKLGLGYRARYVSASARAILEEQGGLAWLQQLRESSYEEAHKALCILPGVGTKVADCICLMALDKPQAVPVDVHMWHIAQRDYSWHPTTSQAKGPSPQTNKELGNFFRSLWGPYAGWAFAVLFSADLRQSR,355
3TBT,Immune system/agonist,Protein,1536,2.3,KAPSNFATM,1536
5NZR,TRANSPORT PROTEIN,Protein,6291,9.2,MLTKFETKSARVKGLSFHPKRPWILTSLHNGVIQLWDYRMCTLIDKFDEHDGPVRGIDFHKQQPLFVSGGDDYKIKVWNYKLRRCLFTLLGHLDYIRTTFFHHEYPWILSASDDQTIRVWNWQSRTCVCVLTGHNHYVMCAQFHPSEDLVVSASLDQTVRVWDISGLRKKNLSPGAVESDVRGITGVDLFGTTDAVVKHVLEGHDRGVNWAAFHPTMPLIVSGADDRQVKIWRMNESKAWEVDTCRGHYNNVSCAVFHPRQELILSNSEDKSIRVWDMSKRTGVQTFRRDHDRFWVLAAHPNLNLFAAGHDGGMIVFKLERERPAYAVHGNMLHYVKDRFLRQLDFNSSKDVAVMQLRSGSKFPVFNMSYNPAENAVLLCTRASNLENSTYDLYTIPKDADSQNPDAPEGKRSSGLTAVWVARNRFAVLDRMHSLLIKNLKNEITKKIQVPNCDEIFYAGTGNLLLRDADSITLFDVQQKRTLASVKISKVKYVIWSADMSHVALLAKHAIVICNRKLDALCNIHENIRVKSGAWDESGVFIYTTSNHIKYAVTTGDHGIIRTLDLPIYVTRVKGNNVYCLDRECRPRVLTIDPTEFKFKLALINRKYDEVLHMVRNAKLVGQSIIAYLQKKGYPEVALHFVKDEKTRFSLALECGNIEIALEAAKALDDKNCWEKLGEVALLQGNHQIVEMCYQRTKNFDKLSFLYLITGNLEKLRKMMKIAEIRKDMSGHYQNALYLGDVSERVRILKNCGQKSLAYLSAATHGLDEEAESLKETFDPEKETIPDIDPNAKLLQPPAPIMPLDTNWPLLTVSKGFFEGSIASKGKGGALAADIDIDTVGTEGWGEDAELQLDEDGFVEAPEGLGEDVLGKGQEEGGGWDVEEDLELPPELDVPSGVSGSAEDGFFVPPTKGTSPTQIWCNNSQLPVDHILAGSFETAMRLLHDQVGVIQFGPYKQLFLQTYARGRTTYQALPCLPSMYSYPNRNWKDAGLKNGVPAVGLKLNDLIQRLQLCYQLTTVGKFEEAVEKFRSILLSVPLLVVDNKQEIAEAQQLITICREYIVGLCMEIERKKLPKETLDQQKRICEMAAYFTHSNLQPVHMILVLRTALNLFFKLKNFKTAATFARRLLELGPKPEVAQQTRKILSACEKNPTDACQLNYDMHNPFDICAASYRPIYRGKPVEKCPLSGACYSPEFKGQICRVTTVTEIGKDVIGLRISPLQFRLEVLFQGPSAWSHPQFEKGGGSGGGSGGSAWSHPQFEK,6291
4OMD,HYDROLASE/HYDROLASE INHIBITOR,Protein,2922,2.7,DVYQEPTDPKFPQQWYLSGVTQRDLNVKAAWAQGYTGHGIVVSILDDGIEKNHPDLAGNYDPGASFDVNDQDPDPQPRYTQMNDNRHGTRCAGEVAAVANNGVCGVGVAYNARIGGVRMLDGEVTDAVEARSLGLNPNHIHIYSASWGPEDDGKTVDGPARLAEEAFFRGVSQGRGGLGSIFVWASGNGGREHDSCNCDGYTNSIYTLSISSATQFGNVPWYSEACSSTLATTYSSGNQNEKQIVTTDLRQKCTESHTGTSASAPLAAGIIALTLEANKNLTWRDMQHLVVQTSKPAHLNANDWATNGVGRKVSHSYGYGLLDAGAMVALAQNWTTVAPQRKCIIDILTEPKDIGKRLEVRKTVTACLGEPNHITRLEHAQARLTLSYNRRGDLAIHLVSPMGTRSTLLAARPHDYSADGFNDWAFMTTHSWDEDPSGEWVLEIENTSEANNYGTLTKFTLVLYGTASGSLVPRGSHHHHHH,2922
3TJ6,protein binding/toxin,Protein,280,2.76,MPVFHTRTIESILEPVAQQISHLVIMHEEGEVDGKAIPDLTAPVAAVQAAVSNLVRVGKETVQTTEDQILKRDMPPAFIKVENACTKLVQAAQMLQSDPYSVPARDYLIDGSRGILSGTSDLLLTFDEAEVRKIIRVCKGILEYLTVAEVVETMEDLVTYTKNLGPGMTKMAKMIDERQQELTHQEHRVMLVNSMNTVKELLPVLISAMKIFVTTKNSKNQGIEEALKNRNFTVEKMSAEINEIIRVLQLTSWDEDA,280
4OSJ,DNA binding protein/DNA,Protein#DNA,1066,2.79,TGTCCCTTTATCTCTCT,1066
4PSO,DNA BINDING PROTEIN,Protein#DNA,1936,2.9,TTTTTTTTTT,1936
4PSO,DNA BINDING PROTEIN,Protein#DNA,1936,2.9,GAMLPTLRTGLVIAAGYADKVRRVLFAQLRDAIKSGELSNKDVAMAAGNLNRVLFELLVNKLKADKLDVVRIQIDYEVRDSQIQFDFSTLRVELWRRVPEEEIAPIVEDFARAAPRLLEEEIRFTVEKVGETDVGDVVYRIMYRGSDVGALIVTPLNGEALVRGAVVEPTPLLLKRTRVQVEADRIDDFVRESVSRLFSEAQNVEKREAVRVVNEILSLVKAGEEGFEEALEEEVEG,1936
5PRI,GENE REGULATION,Protein,312,1.9,MHHHHHHSSGVDLGTENLYFQSMEQVAMELRLTELTRLLRSVLDQLQDKDPARIFAQPVSLKEVPDYLDHIKHPMDFATMRKRLEAQGYKNLHEFEEDFDLIIDNCMKYNARDTVFYRAAVRLRDQGGVVLRQARREVDSIGLEEASGMHLPERPA,312
4LK0,TRANSFERASE,Protein,7808,3.91,MQGSVTEFLKPRLVDIEQVSSTHAKVTLEPLERGFGHTLGNALRRILLSSMPGCAVTEVEIDGVLHEYSTKEGVQEDILEILLNLKGLAVRVQGKDEVILTLNKSGIGPVTAADITHDGDVEIVKPQHVICHLTDENASISMRIKVQRGRGYVPASTRIHSEEDERPIGRLLVDACYSPVERIAYNVEAARVEQRTDLDKLVIEMETNGTIDPEEAIRRAATILAEQLEAFVDLEVLFQ,7808
5VMJ,VIRAL PROTEIN,Protein,1551,2.95,DTICIGYHANNSTDTVDTVLEKNVTVTHSVNLLEDSHNGKLCKLKGIAPLQLGKCNIAGWLLGNPECDLLLTASSWSYIVETSNSENGTCYPGDFIDYEELREQLSSVSSFEKFEIFPKTSSWPNHETTGVTAACSYAGASSFYRNLLWLTKKGSSYPKLSKSYVNNKGKEVLVLWGVHHPPTGTEQQSLYQNADAYVSVGSSKYNRRFTPEIAARPKVRGLASRMNYYWTLLEPGDTITFEATGNLIAPWYAFALNRGSGSGIITSDAPVHDCNTKCQTPHGAINSSLPFQNIHPVTIGECPKYVRSTKLRMATGLRNIPSIQSR,1551
2DP7,DNA,DNA,24,1.55,CGCGAATUCGCG,24
5U1A,OXIDOREDUCTASE,Protein,2184,2.0,MLSKDIIKLLNEQVNKEMNSSNLYMSMSSWCYTGSRQGSLSGGNVSSSYSLDGCGTFLFDHAAEEYEHAKKLIVFLNENNVPVQLTSISAPEHKFEGLTQIFQKAYEHEQHISESINNIVDHAIKSKDHATFNFLQWYVSEQHEEEVLFKDILDKIELIGNENHGLYLADQYVKGIAKSRKS,2184
3J7P,RIBOSOME,Protein#RNA,19429,3.5,MSSHKTFRIKRFLAKKQKQNRPIPQWIRMKTGNKIRYNSKRRHWRRTKLGL,19429
3J7P,RIBOSOME,Protein#RNA,19429,3.5,MKTILSNQTVDIPENVDITLKGRTVIVKGPRGTLRRDFNHINVELSLLGKKKKRLRVDKWWGNRKELATVRTICSHVQNMIKGVTLGFRYKMRSVYAHFPINVVIQENGSLVEIRNFLGEKYIRRVRMRPGVACSVSQAQKDELILEGNDIELVSNSAALIQQATTVKNKDIRKFLDGIYVSEKGTVQQADE,19429
5DXG,Hormone Receptor/peptide,Protein,548,1.86,MDPMIKRSKKNSLALSLTADQMVSALLDAEPPILYSEYDPTRPFSEASMMGLLTNLADRELVHMINWAKRVPGFVDLTLHDQVHLLECAWLEILMIGLVWRSMEHPGKLLFAPNLLLDRNQGKCVEGMVEIFDMLLATSSRFRMMNLQGEEFVCLKSIILLNSGVYTFLSSTLKSLEEKDHIHRVLDKITDTLIHLMAKAGLTLQQQHQRLAQLLLILSHIRHMSNKGMEHLYSMKCKNVVPLSDLLLEMLDAHRLHAPTS,548
4FMV,HYDROLASE,Protein,396,2.01,MASDVTVNLGSTKQEIRGFGASSAWCGTISDYVMNSLYGDLGYSILRLRIEEGIGDAWKTGNFSKWSPELANAKKASAKGAIVFASPWNPPASMQENFSKSGDSSAQRLRYDKYTEYAQYLNAYVKYMKDNGVDLYAISVQNEPDYAQDWTWWTPQEMLNFMKNNAGSINCRVMAPESFQFLKNMSDPILNDATALDNMDVLGCHFYGTSVNNMAYPLYQQKSAGKELWMTEKYFDDDTTGNIMNMSKEIHDSMVTGNMNAYIYWWITWPNGLATSSGTIYKRAYVLGQFAKFIRPGYKRVDATATPNTNVYVSAYTGDNKAVIVAINTGTAAVSQKFNFQNGSASSVVSYVTDSSRNMAAGANIAVTNGSFTAQLPAQSITTFVGNALEHHHHHH,396
4NOD,TRANSCRIPTION REGULATOR/DNA,Protein#DNA,1096,2.9,MGSSHHHHHHSSGLVPRGSHMASMTGGQQMGRGSMSSVLASCPKKPVSSYLRFSKEQLPIFKAQNPDAKTTELIRRIAQRWRELPDSKKKIYQDAYRAEWQVYKEEISRFKEQLTPSQIMSLEKEIMDKHLKRKAMTKKKELTLLGKPKRPRSAYNVYVAERFQEAKGDSPQEKLKTVKENWKNLSDSEKELYIQHAKEDETRYHNEMKSWEEQMIEVGRKDLLRRTIKK,1096
2EIC,OXIDOREDUCTASE,Protein,639,2.8,ASAPIGSAISRNNWAVTCDSAQSGNECNKAIDGNKDTFWHTFYGANGDPKPPHTYTIDMKTTQNVNGLSMLPRQDGNQNGWIGRHEVYLSSDGTNWGSPVASGSWFADSTTKYSNFETRPARYVRLVAITEANGQPWTSIAEINVFQASSYTAPQPGLGRWGPTIDLPIVPAAAAIEPTSGRVLMWSSYRNDAFGGSPGGITLTSSWDPSTGIVSDRTVTVTKHDMFCPGISMDGNGQIVVTGGNDAKKTSLYDSSSDSWIPGPDMQVARGYQSSATMSDGRVFTIGGSFSGGVFEKNGEVYSPSSKTWTSLPNAKVNPMLTADKQGLYRSDNHAWLFGWKKGSVFQAGPSTAMNWYYTSGSGDVKSAGKRQSNRGVAPDAMCGNAVMYDAVKGKILTFGGSPDYQDSDATTNAHIITLGEPGTSPNTVFASNGLYFARTFHTSVVLPDGSTFITGGQRRGIPFEDSTPVFTPEIYVPEQDTFYKQNPNSIVRVYHSISLLLPDGRVFNGGGGLCGDCTTNHFDAQIFTPNYLYNSNGNLATRPKITRTSTQSVKVGGRITISTDSSISKASLIRYGTATHTVNTDQRRIPLTLTNNGGNSYSFQVPSDSGVALPGYWMLFVMNSAGVPSVASTIRVTQ,639
1OHC,HYDROLASE,Protein,348,2.5,PRRRDPQDDVYLDITDRLCFAILYSRPKSASNVHYFSIDNELEYENFYADFGPLNLAMVYRYCCKINKKLKSITMLRKKIVHFTGSDQRKQANAAFLVGCYMVIYLGRTPEEAYRILIFGETSYIPFRDAAYGSCNFYITLLDCFHAVKKAMQYGFLNFNSFNLDEYEHYEKAENGDLNWIIPDRFIAFCGPHSRARLESGYHQHSPETYIQYFKNHNVTTIIRLNKRMYDAKRFTDAGFDHHDLFFADGSTPTDAIVKEFLDICENAEGAIAVHCKAGLGRTGTLIACYIMKHYRMTAAETIAWVRICRPGSVIGPQQQFLVMKQTNLWLEGDYFRQKLKGQENGQH,348
5C6N,TRANSPORT PROTEIN,Protein,463,3.0,MEQKQQSERLGTEAIPKLLRSLSIPAMIGMFVMALYNVVNTIFISYAVGIEGVAGVTIAFPIMMIMMSMAGALGIGGASVISRRLGERRGEEANQVFGNILTVILVLSVIGFISAFTLLGPALQLFGATSVTQGYATDYLFPILLGSIFFFFAFAANNIIRSEGNATFAMVTMIVPAVLNILLDVLFIFGLNMGVLGASIATVIAQASVTGLVLRYFLTGKSTLSLHWSDLRMKGSVIKEVCLVGLPAFVQQSSASLMMIAINSMLLRFGSDFYVGVFGLVQRIMMFVMMPMMGIMQAMQPIVGYNYGAKQYSRLRETVMLGFKVATIFSIGIFALLMLFPEALLRVFTADREVIQAGVSAMHILFCVTFLIGAQIVAGGLYQSLGKPKQALILSLSRQIIFLIPLVLILPHIFGLSGVWWAFPIADVLSFILTVVLLYRDRNVFFLKTKEERELDLVKTASS,463
4V6V,RIBOSOME,Protein#RNA,11752,9.8,AKKVQAYVKLQVAAGMANPSPPVGPALGQQGVNIMEFCKAFNAKTDSIEKGLPIPVVITVYADRSFTFVTKTPPAAVLLKKAAGIKSGSGKPNKDKVGKISRAQLQEIAQTKAADMTGADIEAMTRSIEGTARSMGLVVED,11752
4V6V,RIBOSOME,Protein#RNA,11752,9.8,ARVKRGVIARARHKKILKQAKGYYGARSRVYRVAFQAVIKAGQYAYRDRRQRKRQFRQLWIARINAAARQNGISYSKFINGLKKASVEIDRKILADIAVFDKVAFTALVEKAKAALA,11752
4F0H,LYASE,Protein,631,1.96,MRITQGTFSFLPDLTDEQIKKQIDYMISKKLAIGIEYTNDIHPRNSFWEMWGLPLFEVTDPAPVLFEINACRKAKSNFYIKVVGFSSERGIESTIISFIVNRPKHEPGFNLIRQEDKSRSIKYSIQAYETYKPEDQRY,631
1GRU,CHAPERONE,Protein,8337,12.5,AAKDVKFGNDARVKMLRGVNVLADAVKVTLGPKGRNVVLDKSFGAPTITKDGVSVAREIELEDKFENMGAQMVKEVASKANDAAGDGTTTATVLAQAIITEGLKAVAAGMNPMDLKRGIDKAVTAAVEELKALSVPCSDSKAIAQVGTISANSDETVGKLIAEAMDKVGKEGVITVEDGTGLQDELDVVEGMQFDRGYLSPYFINKPETGAVELESPFILLADKKISNIREMLPVLEAVAKAGKPLLIIAEDVEGEALATLVVNTMRGIVKVAAVKAPGFGDRRKAMLQDIATLTGGTVISEEIGMELEKATLEDLGQAKRVVINKDTTTIIDGVGEEAAIQGRVAQIRQQIEEATSDYDREKLQERVAKLAGGVAVIKVGAATEVEMKEKKARVEDALHATRAAVEEGVVAGGGVALIRVASKLADLRGQNEDQNVGIKVALRAMEAPLRQIVLNCGEEPSVVANTVKGGDGNYGYNAATEEYGNMIDMGILDPTKVTRSALQYAASVAGLMITTECMVTDLPKNDAADLGAAGGMGGMGGMGGMM,8337
6F3H,HYDROLASE,Protein#RNA,1676,2.7,CACUGA,1676
2WRC,VIRAL PROTEIN,Protein,1518,2.71,MAIIYLILLFTAVRGDQICIGYHANNSTEKVDTILERNVTVTHAKDILEKTHNGKLCKLNGIPPLELGDCSIAGWLLGNPECDRLLSVPEWSYIMEKENPRDGLCYPGSFNDYEELKHLLSSVKHFEKVKILPKDRWTQHTTTGGSRACAVSGNPSFFRNMVWLTEKGSNYPVAKGSYNNTSGEQMLIIWGVHHPNDETEQRTLYQNVGTYVSVGTSTLNKRSTPDIATRPKVNGLGSRMEFSWTLLDMWDTINFESTGNLIAPEYGFKISKRGSSGIMKTEGTLENCETKCQTPLGAINTTLPFHNVHPLTIGECPKYVKSEKLVLATGLRNVPQIESRGLFGAIAGFIEGGWQGMIDGWYGYHHSNDQGSGYAADKESTQKAFDGITNKVNSVIEKMNTQFEAVGKEFSNLERRLENLNKKMEDGFLDVWTYNAELLVLMENERTLDFHDSNVKNLYDKVRMQLRDNVKELGNGCFEFYHKCDDECMNSVKNGTYDYPKYEEES,1518
5M1J,RIBOSOME,Protein#RNA,17726,3.3,GKGKPRGLNSARKLRVHRRNNRWAENNYKKRLLGTAFKSSPFGGSSHAKGIVLEKLGIESKQPNSAIRKCVRVQLIKNGKKVTAFVPNDGCLNFVDENDEVLLAGFGRKGKAKGDIPGVRFKVVKVSGVSLLALWKEKKEKPRS,17726
5M1J,RIBOSOME,Protein#RNA,17726,3.3,SINQKLALVIKSGKYTLGYKSTVKSLRQGKSKLIIIAANTPVLRKSELEYYAMLSKTKVYYFQGGNNELGTAVGKLFRVGVVSILEAGDSDILTTLA,17726
4Y77,HYDROLASE/HYDROLASE INHIBITOR,Protein,6644,2.5,TTTLAFRFQGGIIVAVDSRATAGNWVASQTVKKVIEINPFLLGTMAGGAADCQFWETWLGSQCRLHELREKERISVAAASKILSNLVYQYKGAGLSMGTMICGYTRKEGPTIYYVDSDGTRLKGDIFCVGSGQTFAYGVLDSNYKWDLSVEDALYLGKRSILAAAHRDAYSGGSVNLYHVTEDGWIYHGNHDVGELFWKVKEEEGSFNNVIG,6644
3GZU,VIRUS,Protein,6761,3.8,MDVLYSLSKTLKDARDKIVEGTLYSNVSDLIQQFNQMIITMNGNEFQTGGIGNLPIRNWNFDFGLLGTTLLNLDANYVETARNTIDYFVDFVDNVCMDEMVRESQRNGIAPQSDSLIKLSGIKFKRINFDNSSEYIENWNLQNRRQRTGFTFHKPNIFPYSASFTLNRSQPAHDNLMGTMWLNAGSEIQVAGFDYSCAINAPANTQQFEHIVQLRRVLTTATITLLPDAERFSFPRVITSADGATTWYFNPVILRPNNVEIEFLLNGQIINTYQARFGTIIARNFDTIRLSFQLMRPPNMTPAVAALFPNAQPFEHHATVGLTLRIESAVCESVLADASETMLANVTSVRQEYAIPVGPVFPPGMNWTDLITNYSPSREDNLQRVFTVASIRSMLVK,6761
5CTY,ISOMERASE/ISOMERASE INHIBITOR,Protein,424,1.6,GSVTALSDVNNTDNYGAGQIQVLEGLEAVRKRPGMYIGSTSERGLHHLVWEIVDNSIDEALAGYANQIEVVIEKDNWIKVTDNGRGIPVDIQEKMGRPAVEVILTSSVVNALSQDLEVYVHRNETIYHQAYKKGVPQFDLKEVGTTDKTGTVIRFKADGEIFTETTVYNYETLQQRIRELAFLNKGIQITLRDERDEENVREDSYHYEGGIK,424
4FYU,OXIDOREDUCTASE,Protein,435,2.0,MADLLANIDLKKADGTVKKGSDALANKKVVALYFSAHWCPPCRQFTPILKEFYEEVDDDQFEIVFVSLDHSEEDLNNYVKESHGDWYHVPFGSSEIEKLKNKYEVAGIPMLIVIKSDGNVITKNGRADVSGKAPPQTLSSWLAAA,435
1DB3,LYASE,Protein,372,2.3,SKVALITGVTGQDGSYLAEFLLEKGYEVHGIKRRASSFNTERVDHIYQDPHTCNPKFHLHYGDLSDTSNLTRILREVQPDEVYNLGAMSHVAVSFESPEYTADVDAMGTLRLLEAIRFLGLEKKTRFYQASTSELYGLVQEIPQKETTPFYPRSPYAVAKLYAYWITVNYRESYGMYACNGILFNHESPRRGETFVTRKITRAIANIAQGLESCLYLGNMDSLRDWGHAKDYVKMQWMMLQQEQPEDFVIATGVQYSVRQFVEMAAAQLGIKLRFEGTGVEEKGIVVSVTGHDAPGVKPGDVIIAVDPRYFRPAEVETLLGDPTKAHEKLGWKPEITLREMVSEMVANDLEAAKKHSLLKSHGYDVAIALES,372
1N7Z,VIRAL PROTEIN,Protein,1336,2.0,MNDSSVIYRAIVTSKFRTEKMLNFYNSIGSGPDKNTIFITFGRSEPWSSNENEVGFAPPYPTDSVLGVTDMWTHMMGTVKVLPSMLDAVIPRRDWGDTRYPDPYTFRINDIVVCNSAPYNATESGAGWLVYRCLDVPDTGMCSIASLTDKDECLKLGGKWTPSARSMTPPEGRGDAEGTIEPGDGYVWEYLFEIPPDVSINRCTNEYIVVPWPEELKEDPTRWGYEDNLTWQQDDFGLIYRVKANTIRFKAYLDSVYFPEAALPGNKGFRQISIITNPLEAKAHPNDPNVKAEKDYYDPEDLMRHSGEMIYMENRPPIIMAMDQTEEINILFTF,1336
4X17,VIRAL PROTEIN,Protein,1360,1.75,GSHMGGVEVLEVKTGVDSITEVECFLTPEMGDPDEHLRGFSKSISISDTFESDSPNRDMLPCYSVARIPLPNLNEDLTCGNILMWEAVTLKTEVIGVTSLMNVHSNGQATHDNGAGKPVQGTSFHFFSVGGEALELQGVLFNYRTKYPDGTIFPKNATVQSQVMNTEHKAYLDKNKAYPVECWVPDPTRNENTRYFGTLTGGENVPPVLHITNTATTVLLDEFGVGPLCKGDNLYLSAVDVCGMFTNRSGSQQWRGLSRYFKVQLRKRRVKN,1360
5VOC,Viral Protein/Immune System,Protein,2079,3.99,MCRRPDCGFSFSPGPVILLWCCLLLPIVSSAAVSVAPTAAEKVPAECPELTRRCLLGEVFEGDKYESWLRPLVNVTGRDGPLSQLIRYRPVTPEAANSVLLDEAFLDTLALLYNNPDQLRALLTLLSSDTAPRWMTVMRGYSECGDGSPAVYTCVDDLCRGYDLTRLSYGRSIFTEHVLGFELVPPSLFNVVVAIRNEATRTNRAVRLPVSTAAAPEGITLFYGLYNAVKEFCLRHQLDPPLLRHLDKYYAGLPPELKQTRVNLPAHSRYGPQAVDAR,2079
3H9Q,TRANSFERASE/ANTIBIOTIC,Protein,1440,2.63,GSHMDYILGRYVKIARYGSGGLVGGGGKEQYVENLVLWENIIKTAYCFITPSSYTAALETANIPEKDFSNCFRFLKENFFIIPGEYNNSTENNRYSRNFLHYQSYGANPVLVQDKLKNAKVVILGCGGIGNHVSVILATSGIGEIILIDNDQIENTNLTRQVLFSEDDVGKNKTEVIKRELLKRNSEISVSEIALNINDYTDLHKVPEADIWVVSADHPFNLINWVNKYCVRANQPYINAGYVNDIAVFGPLYVPGKTGCYECQKVVADLYGSEKENIDHKIKLINSRFKPATFAPVNNVAAALCAADVIKFIGKYSEPLSLNKRIGIWSDEIKIHSQNMGRSPVCSVCGNRM,1440
3F9U,"structural genomics, unknown function",Protein,344,2.2,SNAGAPLKAVSAFAPPMKTQDFNLYTNEVHAKFDDYDLGMEYARQHNKPVMLDFTGYGCVNCRKMELAVWTDPKVSSIINNDYVLITLYVDNKTPLTEPVKIMENGTERTLRTVGDKWSYLQRVKFGANAQPFYVLIDNEGNPLNKSYAYDEDISKYINFLQTGLENYRKEK,344
2QXZ,LYASE,Protein,660,2.12,GPVGYGAATTGGGNKVPVNVATFEAMQSAIDSYSGSGGLVLNYTGKFDFGTIKDVCAQWKLPAKTVQIKNKSDVTIKGANGSAANFGIRVVGNAHNVIIQNMTIGLLQGGEDADSISLEGNSSGEPSKIWVDHNTVFASLTKCSGAGDASFDGGIDMKKGVHHVTVSYNYVYNYQKVALNGYSDSDTKNSAARTTYHHNRFENVESRVPLQRFGLSHIYNNYFNNVTTSGINVRMGGIAKIESNYFENIKNPVTSRDSSEIGYWDLINNYVGSGITWGTPDGSKPYANATNWISTKVFPESLGYIYTVTPAAQVKAKVIATAGAGKNLAE,660
5B1A,OXIDOREDUCTASE,Protein,3614,1.5,AEDIQAKIKNYQTAPFDSRFPNQNQTRNCWQNYLDFHRCEKAMTAKGGDVSVCEWYRRVYKSLCPISWVSTWDDRRAEGTFPGKI,3614
4G5R,CELL CYCLE/SIGNALING PROTEIN,Protein,1420,3.48,EDGEKAAKEVKLLLLGAGESGKSTIVKQMKIIHEDGYSEDECKQYKVVVYSNTIQSIIAIIRAMGRLKIDFGEAARADDARQLFVLAGSAEEGVMTPELAGVIKRLWRDGGVQACFSRSREYQLNDSASYYLNDLDRISQSNYIPTQQDVLRTRVKTTGIVETHFTFKDLYFKMFDVGGQRSERKKWIHCFEGVTAIIFCVALSDYDLVLAEDEEMNRMHESMKLFDSICNNKWFTETSIILFLNKKDLFEEKIKRSPLTICYPEYTGSNTYEEAAAYIQCQFEDLNRRKDTKEIYTHFTCATDTKNVQFVFDAVTDVIIKNNLKECGLY,1420
2DJF,Hydrolase/Hydrolase inhibitor,Protein,352,2.0,LPTSWDWRNVHGINFVSPVRNQASCGSCYSFASMGMLEARIRILTNNSQTPILSPQEVVSCSQYAQGCEGGFPYLIAGKYAQDFGLVEEACFPYTGTDSPCKMKEDCFRYYSSEYHYVGGFYGGCNEALMKLELVHHGPMAVAFEVYDDFLHYKKGIYHHTGLR,352
3OR1,OXIDOREDUCTASE,Protein,1856,1.76,MAFISSGYNPAKPMENRITDIGPRKFTEFFPPVIAKNAGNWDYHEILEPGILVHVAKNGDKVFTVRCGAARLMSTSHIREACEIAKKFCNGHLRFTTRNNIEFMVDNEETLKALVADLKTRKFAAGSFKFPIGGTGASISNIVHTQGWVYCHTPATDASGPVKAVMDELFEEFTSMRLPAIVRVSLACCINMCGAVHCSDIGLVGIHRKPPMIDHENLAELCEIPLAVAACPTAAVKPITAEVNGQKVKSVAINNDRCMYCGNCYTMCPALPLSDGTGDGIAIMVGGKISNRIKVPSFSKVVVAFVPNEPPRWPTMAKIVKKIVEVYAEDARKYERIGDWIHRIGWETFYEKTGLEFSHHCIDDFRDPAYYTWRQSTQFKFVSFDS,1856
5WQ4,SIGNALING PROTEIN/PROTEIN BINDING,Protein,692,3.0,QAEKVDKMLLQELSEKLELAEQALASKQLQMDEMKQTLAKQEEDLETMAVLRAQMEVYCSDFHAERAAREKIHEEKEQLALQLAILLKENNDIEEGG,692
5OYI,VIRAL PROTEIN,Protein,2925,8.2,GIFPVACADGYGGLVTTDPKTADPVYGKVYNPPKTNYPGRFTNLLDVAEACPTFLRFDDGKPYVVTRADDTRLLAKFDVSLAAKHMSNTYLSGIAQYYTQYSGTINLHFMFTGSTDSKARYMVAYIPPGVETPPDTPEEAAHCIHAEWDTGLNSKFTFSIPYVSAADYAYTASDTAETTNVQGWVCVYQITHGKAENDTLLVSASAGKDFELRLPIDPRTQ,2925
5OYI,VIRAL PROTEIN,Protein,2925,8.2,RHHTDVGFIMDRFVKINSLSPTHVIDLMQTHKHGIVGALLRAATYYFSDLEIVVRHDGNLTWVPNGAPEAALSNTSNPTAYNKAPFTRLALPYTAPHRVLATVYDGTNKYSASDSRSGDLGSIAARVATQLPASFNYGAIQAQAIHELLVRMKRAELYCPRPLLAIKVTSQDRYKQKIIAPA,2925
2W5W,HYDROLASE,Protein,750,1.79,MKLKKIVFTLIALGLFSCKTTSVLVKNEPQLKTPKNVILLISDGAGLSQISSTFYFKSGTPNYTQFKNIGLIKTSSSREDVTDSASGATAFSCGIKTYNAAIGVADDSTAVKSIVEIAALNNIKTGVVATSSITDATPASFYAHALNRGLEEEIAMDMTESDLDFFAGGGLNYFTKRKDKKDVLAILKGNQFTINTTALTDFSSIASNRKMGFLLADEAMPTMEKGRGNFLSAATDLAIQFLSKDNSAFFIMSEGSQIDWGGHANNASYLISEINDFDDAIGTALAFAKKDGNTLVIVTSDHETGGFTLAAKKNKREDGSEYSDYTEIGPTFSTGGHSATLIPVFAYGPGSEEFIGIYENNEIFHKILKVTKWNQ,750
4WZO,RIBOSOME,Protein#RNA,21734,3.3,MRHLKSGRKLNRHSSHRLALYRNQAKSLLTHGRITTTVPKAKELRGFVDHLIHLAKRGDLHARRLVLRDLQDVKLVRKLFDEIAPRYRDRQGGYTRVLKLAERRRGDGAPLALVELVE,21734
4LZZ,TRANSCRIPTION REGULATOR,Protein,6432,3.21,MLRKENELLRREKDLKEEEYVFESPKMKEILEKIKKISCAECPVLITGESGVGKEVVARLIHKLSDRSKEPFVALNVASIPRDIFEAELFGYEKGAFTGAVSSKEGFFELADGGTLFLDEIGELSLEAQAKLLRVIESGKFYRLGGRKEIEVNVRILAATNRNIKELVKEGKFREDLYYRLGVIEIEIPPLRERKEDIIPLANHFLKKFSRKYAKEVEGFTKSAQELLLSYPWYGNVRELKNVIERAVLFSEGKFIDRGELSCLVNSK,6432
4H7H,HYDROLASE,Protein,302,2.1,MSLGAKPFGEKKFIEIKGRRMAYIDEGTGDPILFQHGNPTSSYLWRNIMPHCAGLGRLIACDLIGMGDSDKLDPSGPERYTYAEHRDYLDALWEALDLGDRVVLVVHDWGSVLGFDWARRHRERVQGIAYMEAVAMPLEWADFPEQDRDLFQAFRSQAGEELVLQDNVFVEQVLPGLILRPLSEAEMAAYREPFLAAGEARRPTLSWPRQIPIAGTPADVVAIARDYAGWLSESPIPKLFINAEPGHLTTGRIRDFCRTWPNQTEITVAGAHFIQEDSPDEIGAAIAAFVRRLRPAHHHHHH,302
4IC0,HYDROLASE INHIBITOR,Protein,1516,2.32,VHHPPSYVAHLASDFGVRVFQQVAQASKDRNVVFSPYGVASVLAMLQLTTGGETQQQIQAAMGFKIDDKGMAPALRHLYKELMGPWNKDEISTTDAIFVQRDLKLVQGFMPHFFRLFRSTVKQVDFSEVERARFIINDWVKTHTKGMISHLLGTGAVQQLTRLVLVNALYFNGQWKTPFPDSSTHRRLFHKSDGSTVSVPMMAQTNKFNYTEFTTPDGHYYDILELPYHGDTLSMFIAAPYEKEVPLSALTNILSAQLISHWKGNMTRLPRLLVLPKFSLETEVDLRKPLENLGMTDMFRQFQADFTSLSDQEPLHVALALQKVKIEVNESGTVASSSTAVIVSARMAPEEIIIDRPFLFVVRHNPTGTVLFMGQVMEP,1516
4ZZC,"MEMBRANE PROTEIN, TRANSPORT PROTEIN",Protein,1585,3.1,GQDMVSPPPPIADEPLTVNTGIYLIECYSLDDKAETFKVNAFLSLSWKDRRLAFDPVRSGVRVKTYEPEAIWIPEIRFVNVENARDADVVDISVSPDGTVQYLERFSARVLSPLDFRRYPFDSQTLHIYLIVRSVDTRNIVLAVDLEKVGKNDDVFLTGWDIESFTAVVKPANFALEDRLESKLDYQLRISRQYFSYIPNIILPMLFILFISWTAFWSTSYEANVTLVVSTLIAHIAFNILVETNLPKTPYMTYTGAIIFMIYLFYFVAVIEVTVQHYLKVESQPARAASITRASRIAFPVVFLLANIILAFLFFGF,1585
4OYE,TRANSPORT PROTEIN,Protein,4908,4.0,IEYPVLQKILIGLILGAIVGLILGHYGYAHAVHTYVKPFGDLFVRLLKMLVMPIVFASLVVGAASISPARLGRVGVKIVVYYLLTSAFAVTLGIIMARLFNPGAGIHLAVGGQQFQPKQAPPLVHILLDIVPTNPFGALANGQVLPTIFFAIILGIAITYLMNSENEKVRKSAETLLDAINGLAEAMYKIVNGVMQYAPIGVFALIAYVMAEQGVHVVGELAKVTAAVYVGLTLQILLVYFVLLKIYGIDPISFIKHAKDAMLTAFVTRSSSGTLPVTMRVAKEMGISEGIYSFTLPLGATINMDGTALYQGVCTFFIANALGSHLTVGQQLTIVLTAVLASIGTAGVPGAGAIMLAMVLHSVGLPLTDPNVAAAYAMILGIDAILDMGATMVNVTGDLTGTAIVAKTE,4908
5LGQ,TRANSFERASE,Protein,1488,2.11,GHMGHTLERSVFSERTEESSAVQYFQFYGYLSQQQNMMQDYVRTGTYQRAILQNHTDFKDKIVLDVGCGSGILSFFAAQAGARKIYAVEASTMAQHAEVLVKSNNLTDRIVVIPGKVEEVSLPEQVDIIISEPMGYMLFNERMLESYLHAKKYLKPSGNMFPTIGDVHLAPFTDEQLYMEQFTKANFWYQPSFHGVDLSALRGAAVDEYFRQPVVDTFDIRILMAKSVKYTVNFLEAKEGDLHRIEIPFKFHMLHSGLVHGLAFWFDVAFIGSIMTVWLSTAPTEPLTHWYQVRCLFQSPLFAKAGDTLSGTCLLIANKRQSYDISIVAQVDQTGSKSSNLLDLKNPFFRYTGTTPSPPPG,1488
4O25,HYDROLASE,Protein,342,2.2,GSMPQSKSRKIAILGYRSVGKSSLTIQFVEGQFVDSYDPTIENTFTKLITVNGQEYHLQLVDTAGQDEYSIFPQTYSIDINGYILVYSVTSIKSFEVIKVIHGKLLDMVGKVQIPIMLVGNKKDLHMERVISYEEGKALAESWNAAFLESSAKENQTAVDVFKRIILEAEK,342
4V9M,RIBOSOME,Protein#RNA,23306,4.0,KIRIKLRGFDHKTLDASAQKIVEAARRSGAQVSGPIPLPTRVRRFTVIRGPFKHKDSREHFELRTHNRLVDIINPNRKTIEQLMTLDLPTGVEIEIKTV,23306
1P8Z,STRUCTURAL PROTEIN/CONTRACTILE PROTEIN,Protein,513,2.6,MVVEHPEFLKAGKEPGLQIWRVEKFDLVPVPTNLYGDFFTGDAYVILKTVQLRNGNLQYDLHYWLGNECSQDESGAAAIFTVQLDDYLNGRAVQHREVQGFESATFLGYFKSGLKYKKGGVASGFKHVVPNEVVVQ,513
5NYW,UNKNOWN FUNCTION,Protein,7028,2.5,TYCVAMRLSSGLAFASDSRTNAGVDHISTFRKLHLFQQPGERTLVVQSAGNLATTQSIVSLLQRRCLDPEQTNLMNVASMYEAATLLGETVREVINRDSGAQQNSHGTDFNCNLLLGGQIKGEGLRLFHIYPQGNFIEATQDTPYFQIGESKYGKPIIDRVLSYDTPLDQAMQCALISMDSTLRSNLSVGLPLDVMIYPLDSFSTEQQYRITEDHPYFMMIRKGWGEGLVSIFAQLPGLKLGRLEHHHHHH,7028
1NA0,DE NOVO PROTEIN,Protein,250,1.6,GAMDPGNSAEAWYNLGNAYYKQGDYDEAIEYYQKALELDPNNAEAWYNLGNAYYKQGDYDEAIEYYQKALELDPNNAEAWYNLGNAYYKQGDYDEAIEYYQKALELDPNNAEAKQNLGNAKQKQG,250
3ZUN,TRANSCRIPTION,Protein,1512,2.5,GSHMEAGRPRPVLRSVNSREPSQVIFCNRSPRVVLPVWLNFDGEPQPYPTLPPGTGRRIHSYRGHLWLFRDAGTHDGLLVNQTELFVPSLNVDGQPIFANITLPVYTLKERCLQVVRSLVKPENYRRLDIVRSLYEDLEDHPNVQKDLERLTQERIAHQRMGD,1512
3NZJ,hydrolase/hydrolase inhibitor,Protein,6948,2.4,MNHDPFSWGRPADSTYGAYNTQIANAGASPMVNTQQPIVTGTSVISMKYDNGVIIAADNLGSYGSLLRFNGVERLIPVGDNTVVGISGDISDMQHIERLLKDLVTENAYDNPLADAEEALEPSYIFEYLATVMYQRRSKMNPLWNAIIVAGVQSNGDQFLRYVNLLGVTYSSPTLATGFGAHMANPLLRKVVDRESDIPKTTVQVAEEAIVNAMRVLYYRDARSSRNFSLAIIDKNTGLTFKKNLQVENMKWDFAKDIKGYGTQKI,6948
3PQ5,OXIDOREDUCTASE,Protein,3012,1.8,MSQHNEKNPHQHQSPLHDSSEAKPGMDSLAPEDGSHRPAAEPTPPGAQPTAPGSLKAPDTRNEKLNSLEDVRKGSENYALTTNQGVRIADDQNSLRAGSRGPTLLEDFILREKITHFDHERIPERIVHARGSAAHGYFQPYKSLSDITKADFLSDPNKITPVFVRFSTVQGGAGSADTVRDIRGFATKFYTEEGIFDLVGNNTPIFFIQDAHKFPDFVHAVKPEPHWAIPQGQSAHDTFWDYVSLQPETLHNVMWAMSDRGIPRSYRTMEGFGCHTFRLINAEGKATFVRFHWKPLAGKASLVWDEAQKLTGRDPDFHRRELWEAIEAGDFPEYELGFQLIPEEDEFKFDFDLLDPTKLIPEELVPVQRVGKMVLNRNPDNFFAENEQAAFHPGHIVPGLDFTNDPLLQGRLFSYTDTQISRLGGPNFHEIPINRPTAPYHNFQRDGMHRMGIDTNPANYEPNSINDNWPRETPPGPKRGGFESYQERVEGNKVRERSPSFGEYYSHPRLFWLSQTPFEQRHIVDGFSFELSKVVRPYIRERVVDQLAHIDLTLAQAVAKNLGIELTDDQLNITPPPDVNGLKKDPSLSLYAIPDGDVKGRVVAILLNDEVRSADLLAILKALKAKGVHAKLLYSRMGEVTADDGTVLPIAATFAGAPSLTVDAVIVPAGNIADIADNGDANYYLMEAYKHLKPIALAGDARKFKATIKIADQGEEGIVEADSADGSFMDELLTLMAAHRVWSRIPKIDKIPA,3012
4OIW,HYDROLASE,Protein,2586,2.44,GSMRAELNQGLIDFLKASPTPFHATASLARRLEAAGYRRLDERDAWHTETGGRYYVTRNDSSLIAIRLGRRSPLESGFRLVGAATDSPCLRVKPNPEIARNGFLQLGVEVYGGALFAPWFDRDLSLAGRVTFRANGKLESRLVDFRKAIAVIPNLAIHLNRAANEGWPINAQNELPPIIAQLAPGEAADFRLLLDEQLLREHGITADVVLDYELSFYDTQSAAVVGLNDEFIAGARLDNLLSCHAGLEALLNAEGDENCILVCTDHEEVGSCSHCGADGPFLEQVLRRLLPEGDAFSRAIQRSLLVSADNAHGVHPNYADRHDANHGPALNGGPVIKINSNQRYATNSETAGFFRHLCQDSEVPVQSFVTRSDMGCGSTIGPITASQVGVRTVDIGLPTFAMHSIRELAGSHDLAHLVKVLGAFYASSELP,2586
5M5X,TRANSCRIPTION,Protein#DNA#RNA,5332,4.0,MTEDIEQKKTATEVTPQEPKHIQEEEEQDVDMTGDEEQEEEPDREKIKLLTQATSEDGTSASFQIVEEDHTLGNALRYVIMKNPDVEFCGYSIPHPSENLLNIRIQTYGETTAVDALQKGLKDLMDLCDVVESKFTEKIKSM,5332
3H4H,OXIDOREDUCTASE,Protein,1005,1.6,TAAEIAALPRQKVELVDPPFVHAHSQVAEGGPKVVEFTMVIEEKKIVIDDAGTEVHAMAFNGTVPGPLMVVHQDDYLELTLINPETNTLTHNIDFHAATGALGGGGLTEINPGEKTILRFKATKPGVFVYHCAPPGMVPWHVVSGMNGAIMVLPREGLHDGKGKALTYDKIYYVGEQDFYVPRDENGKYKKYEAPGDAYEDTVKVMRTLTPTHVVFNGAVGALTGDKAMTAAVGEKVLIVHSQANRDTRPHLIGGHGDYVWATGKFNTPPDVDQETWFIPGGAAGAAFYTFQQPGIYAYVNHNLIEACELGAAAHFKVTGEWNDDLMTSVLAPSG,1005
4UVC,TRANSCRIPTION,Protein,1354,3.1,MLSGKKAAAAAAAAAAAATGTEAGPGTAGGSENGSEVAAQPAGLSGPAEVGPGAVGERTPRKKEPPRASPPGGLAEPPGSAGPQAGPTVVPGSATPMETGIAETPEGRRTSRRKRAKVEYREMDESLANLSEDEYYSEEERNAKAEKEKKLPPPPPQAPPEEENESEPEEPSGQAGGLQDDSSGGYGDGQPSGVEGAAFQSRLPHDRMTSQEAACFPDIISGPQQTQKVFLFIRNRTLQLWLDNPKIQLTFEATLQQLEAPYNSDTVLVHRVHSYLERHGLINFGIYKRIKPLPTKKTGKVIIIGSGVSGLAAARQLQSFGMDVTLLEARDRVGGRVATFRKGNYVADLGAMVVTGLGGNPMAVVSKQVNMELAKIKQKCPLYEANGQAVPKEKDEMVEQEFNRLLEATSYLSHQLDFNVLNNKPVSLGQALEVVIQLQEKHVKDEQIEHWKKIVKTQEELKELLNKMVNLKEKIKELHQQYKEASEVKPPRDITAEFLVKSKHRDLTALCKEYDELAETQGKLEEKLQELEANPPSDVYLSSRDRQILDWHFANLEFANATPLSTLSLKHWDQDDDFEFTGSHLTVRNGYSCVPVALAEGLDIKLNTAVRQVRYTASGCEVIAVNTRSTSQTFIYKCDAVLCTLPLGVLKQQPPAVQFVPPLPEWKTSAVQRMGFGNLNKVVLCFDRVFWDPSVNLFGHVGSTTASRGELFLFWNLYKAPILLALVAGEAAGIMENISDDVIVGRCLAILKGIFGSSAVPQPKETVVSRWRADPWARGSYSYVAAGSSGNDYDLMAQPITPGPSIPGAPQPIPRLFFAGEHTIRNYPATVHGALLSGLREAGRIADQFLGAMYTLPRQATPGVPAQQSPSM,1354
3BNQ,RNA,RNA,90,2.0,GCGUCACCUCGAGCAAGUCGC,90
1XE5,HYDROLASE/HYDROLASE INHIBITOR,Protein,658,2.4,SSNDNIELVDFQNIMFYGDAEVGDNQQPFTFILDTGSANLWVPSVKCTTAGCLTKHLYDSSKSRTYEKDGTKVEMNYVSGTVSGFFSKDLVTVGNLSLPYKFIEVIDTNGFEPTYTASTFDGILGLGWKDLSIGSVDPIVVELKNQNKIENALFTFYLPVHDKHTGFLTIGGIEERFYEGPLTYEKLNHDLYWQITLDAHVGNIMLEKANCIVDSGTSAITVPTDFLNKMLQNLDVIKVPFLPFYVTLCNNSKLPTFEFTSENGKYTLEPEYYLQHIEDVGPGLCMLNIIGLDFPVPTFILGDPFMRKYFTVFDYDNHSVGIALAKKNL,658
3ZOP,ISOMERASE,Protein,762,1.61,MMIRGIRGATTVERDTEEEILQKTKQLLEKIIEENHTKPEDVVQMLLSATPDLHAVFPAKAVRELSGWQYVPVTCMQEMDVTGGLKKCIRVMMTVQTDVPQEQIRHVYLEKAVVLRPDLSLTKNTEL,762
2PJC,HYDROLASE,Protein,918,1.74,TTGHSYEKYNNWETIEAWTKQVTSENPDLISRTAIGTTFLGNNIYLLKVGKPGPNKPAIFMDCGFHAREWISHAFCQWFVREAVLTYGYESHMTEFLNKLDFYVLPVLNIDGYIYTWTKNRMWRKTRSTNAGTTCIGTDPNRNFDAGWCTTGASTDPCDETYCGSAAESEKETKALADFIRNNLSSIKAYLTIHSYSQMILYPYSYDYKLPENNAELNNLAKAAVKELATLYGTKYTYGPGATTIYPAAGGSDDWAYDQGIKYSFTFELRDKGRYGFILPESQIQATCEETMLAIKYVTNYVLGHL,918
3UU1,Transferase/Transferase Inhibitor,Protein,1508,1.82,ALSAEGSSGGSRGGSPKAEAASVPSWPQILGRLTDNRDLARGQAAWAMDQIMTGNARPAQIAAFAVAMTMKAPTADEVGELAGVMLSHAHPLPADTVPDDAVDVVGTGGDGVNTVNLSTMAAIVVAAAGVPVVKHGNRAASSLSGGADTLEALGVRIDLGPDLVARSLAEVGIGFCFAPRFHPSYRHAAAVRREIGVPTVFNLLGPLTNPARPRAGLIGCAFADLAEVMAGVFAARRSSVLVVHGDDGLDELTTTTTSTIWRVAAGSVDKLTFDPAGFGFARAQLDQLAGGDAQANAAAVRAVLGGARGPVRDAVVLNAAGAIVAHAGLSSRAEWLPAWEEGLRRASAAIDTGAAEQLLARWVRFGRQILEHHHHHH,1508
4EHA,HYDROLASE/HYDROLASE INHIBITOR,Protein,566,1.7,MENTENSVDSKSIKNLEPKIIHGSESMDSGISLDNSYKMDYPEMGLCIIINNKNFHKSTGMTSRSGTDVDAANLRETFRNLKYEVRNKNDLTREEIVELMRDVSKEDHSKRSSFVCVLLSHGEEGIIFGTNGPVDLKKITNFFRGDRCRSLTGKPKLFIIQACRGTELDCGIETDSGVDDDMACHKIPVEADFLYAYSTAPGYYSWRNSKDGSWFIQSLCAMLKQYADKLEFMHILTRVNRKVATEFESFSFDATFHAKKQIPCIHSMLTKELYFYH,566
5GAO,TRANSCRIPTION,Protein#RNA,3674,4.2,MTEHETKDKAKKIREIYRYDEMSNKVLKVDKRFMNTSQNPQRDAEISQPKSMSGRISAKDMGQGLCNNINKGLKENDVAVEKTGKSASLKKIQQHNTILNSSSDFRLHYYPKDPSNVETYEQILQWVTEVLGNDIPHDLIIGTADIFIRQLKENEENEDGNIEERKEKIQHELGINIDSLKFNELVKLMKNITDYETHPDNSNKQAVAILADDEKSDEEEVTEMSNNANVLGGEINDNEDDDEEYDYNDVEVNSKKKNKRALPNIENDIIKLSDSKTSNIESVPIYSIDEFFLQRKLRSELGYKDTSVIQDLSEKILNDIETLEHNPVALEQKLVDLLKFENISLAEFILKNRSTIFWGIRLAKSTENEIPNLIEKMVAKGLNDLVEQYKFRETTHSKRELDSGDDQPQSSEAKRTKFSNPAIPPVIDLEKIKFDESSKLMTVTKVSLPEGSFKRVKPQYDEIHIPAPSKPVIDYELKEITSLPDWCQEAFPSSETTSLNPIQSKVFHAAFEGDSNMLICAPTGSGKTNIALLTVLKALSHHYNPKTKKLNLSAFKIVYIAPLKALVQEQVREFQRRLAFLGIKVAELTGDSRLSRKQIDETQVLVSTPEKWDITTRNSNNLAIVELVRLLIIDEIHLLHDDRGPVLESIVARTFWASKYGQEYPRIIGLSATLPNYEDVGRFLRVPKEGLFYFDSSFRPCPLSQQFCGIKERNSLKKLKAMNDACYEKVLESINEGNQIIVFVHSRKETSRTATWLKNKFAEENITHKLTKNDAGSKQILKTEAANVLDPSLRKLIESGIGTHHAGLTRSDRSLSEDLFADGLLQVLVCTATLAWGVNLPAHTVIIKGTDVYSPEKGSWEQLSPQDVLQMLGRAGRPRYDTFGEGIIITDQSNVQYYLSVLNQQLPIESQFVSKLVDNLNAEVVAGNIKCRNDAVNWLAYTYLYVRMLASPMLYKVPDISSDGQLKKFRESLVHSALCILKEQELVLYDAENDVIEATDLGNIASSFYINHASMDVYNRELDEHTTQIDLFRIFSMSEEFKYVSVRYEEKRELKQLLEKAPIPIREDIDDPLAKVNVLLQSYFSQLKFEGFALNSDIVFIHQNAGRLLRAMFEICLKRGWGHPTRMLLNLCKSATTKMWPTNCPLRQFKTCPVEVIKRLEASTVPWGDYLQLETPAEVGRAIRSEKYGKQVYDLLKRFPKMSVTCNAQPITRSVMRFNIEIIADWIWDMNVHGSLEPFLLMLEDTDGDSILYYDVLFITPDIVGHEFTLSFTYELKQHNQNNLPPNFFLTLISENWWHSEFEIPVSFNGFKLPKKFPPPTPLLENISISTSELGNDDFSEVFEFKTFNKIQSQVFESLYNSNDSVFVGSGKGTGKTAMAELALLNHWRQNKGRAVYINPSGEKIDFLLSDWNKRFSHLAGGKIINKLGNDPSLNLKLLAKSHVLLATPVQFELLSRRWRQRKNIQSLELMIYDDAHEISQGVYGAVYETLISRMIFIATQLEKKIRFVCLSNCLANARDFGEWAGMTKSNIYNFSPSERIEPLEINIQSFKDVEHISFNFSMLQMAFEASAAAAGNRNSSSVFLPSRKDCMEVASAFMKFSKAIEWDMLNVEEEQIVPYIEKLTDGHLRAPLKHGVGILYKGMASNDERIVKRLYEYGAVSVLLISKDCSAFACKTDEVIILGTNLYDGAEHKYMPYTINELLEMVGLASGNDSMAGKVLILTSHNMKAYYKKFLIEPLPTESYLQYIIHDTLNNEIANSIIQSKQDCVDWFTYSYFYRRIHVNPSYYGVRDTSPHGISVFLSNLVETCLNDLVESSFIEIDDTEAEVTAEVNGGDDEATEIISTLSNGLIASHYGVSFFTIQSFVSSLSNTSTLKNMLYVLSTAVEFESVPLRKGDRALLVKLSKRLPLRFPEHTSSGSVSFKVFLLLQAYFSRLELPVDFQNDLKDILEKVVPLINVVVDILSANGYLNATTAMDLAQMLIQGVWDVDNPLRQIPHFNNKILEKCKEINVETVYDIMALEDEERDEILTLTDSQLAQVAAFVNNYPNVELTYSLNNSDSLISGVKQKITIQLTRDVEPENLQVTSEKYPFDKLESWWLVLGEVSKKELYAIKKVTLNKETQQYELEFDTPTSGKHNLTIWCVCDSYLDADKELSFEINVK,3674
5K14,TRANSFERASE/TRANSFERASE INHIBITOR,Protein,1000,2.4,PISPIETVPVKLKPGMDGPKVKQWPLTEEKIKALVEICTEMEKEGKISKIGPENPYNTPVFAIKKKDSTKWRKLVDFRELNKRTQDFWEVQLGIPHPAGLKKKKSVTVLDVGDAYFSVPLDEDFRKYTAFTIPSINNETPGIRYQYNVLPQGWKGSPAIFQSSMTKILEPFRKQNPDIVIYQYMDDLYVGSDLEIGQHRTKIEELRQHLLRWGLTTPDKKHQKEPPFLWMGYELHPDKWTVQPIVLPEKDSWTVNDIQKLVGKLNWASQIYPGIKVRQLCKLLRGTKALTEVIPLTEEAELELAENREILKEPVHGVYYDPSKDLIAEIQKQGQGQWTYQIYQEPFKNLKTGKYARMRGAHTNDVKQLTEAVQKITTESIVIWGKTPKFKLPIQKETWETWWTEYWQATWIPEWEFVNTPPLVKLWYQLEKEPIVGAETF,1000
5T9N,TRANSPORT PROTEIN/ISOMERASE,Protein,19136,3.8,QFLRTDDEVVLQCSATVLKEQLKLCLAAEGFGNRLCFLEPTSNAQNVPPDLAICCFTLEQSLSVRALQEMLANTVEAGVESSQGGGHRTLLYGHAILLRHAHSRMYLSCLTTSRSMTDKLAFDVGLQEDATGEACWWTMHPASKQRSEGEKVRVGDDLILVSVSSERYLHLSTASGELQVDASFMQTLWNMNPICSCCEEGYVTGGHVLRLFHGHMDECLTISAADSDDQRRLVYYEGGAVCTHARSLWRLEPLRISWSGSHLRWGQPLRIRHVTTGRYLALTEDQGLVVVDACKAHTKATSFCFRVSKEKLDTAPKRDVEGMGPPEIKYGESLCFVQHVASGLWLTYAAPDPKALRLGVLKKKAILHQEGHMDDALFLTRCQQEESQAARMIHSTAGLYNQFIKGLDSFSGKPRGSGPPAGPALPIEAVILSLQDLIGYFEPPSEELQHEEKQSKLRSLRNRQSLFQEEGMLSLVLNCIDRLNVYTTAAHFAEYAGEEAAESWKEIVNLLYELLASLIRGNRANCALFSTNLDWVVSKLDRLEASSGILEVLYCVLIESPEVLNIIQENHIKSIISLLDKHGRNHKVLDVLCSLCVCNGVAVRSNQDLITENLLPGRELLLQTNLINYVTSIRPNIFVGRAEGSTQYGKWYFEVMVDEVVPFLTAQATHLRVGWALTEGYSPYPGGGEGWGGNGVGDDLYSYGFDGLHLWTGHVARPVTSPGQHLLAPEDVVSCCLDLSVPSISFRINGCPVQGVFEAFNLDGLFFPVVSFSAGVKVRFLLGGRHGEFKFLPPPGYAPCHEAVLPRERLRLEPIKEYRREGPRGPHLVGPSRCLSHTDFVPCPVDTVQIVLPPHLERIREKLAENIHELWALTRIEQGWTYGPVRDDNKRLHPCLVNFHSLPEPERNYNLQMSGETLKTLLALGCHVGMADEKAEDNLKKTKLPKTYMMSNGYKPAPLDLSHVRLTPAQTTLVDRLAENGHNVWARDRVAQGWSYSAVQDIPARRNPRLVPYRLLDEATKRSNRDSLCQAVRTLLGYGYNIEPPDQEPSQVENQSRWDRVRIFRAEKSYTVQSGRWYFEFEAVTTGEMRVGWARPELRPDVELGADELAYVFNGHRGQRWHLGSEPFGRPWQSGDVVGCMIDLTENTIIFTLNGEVLMSDSGSETAFREIEIGDGFLPVCSLGPGQVGHLNLGQDVSSLRFFAICGLQEGFEPFAINMQRPVTTWFSKSLPQFEPVPPEHPHYEVARMDGTVDTPPCLRLAHRXXXXXXXXXXXXXXXXXXXXXXXXXXXXXXXXXXXXXXXXXXXXXXXXXXXXXXXXXXXXXXXXXXXXXXXXXXXXXXXXXXXXXXXXXXXXXXXXXXXXXXXXXXXXXXXXXXXXXXXXXXXXXXXXXXXXXXXXXXXXXXXXXXXXXXXXXXXXXMPLSAAMFLSERKNPAPQCPPRLEVQMLMPVSWSRMPNHFLQVETRRAGERLGWAVQCQDPLTMMALHIPEENRCMDILELSERLDLQRFHSHTLRLYRAVCALGNNRVAHALCSHVDQAQLLHALEDAHLPGPLRAGYYDLLISIHLESACRSRRSMLSEYIVPLTPETRAITLFPPGRKGGNARRHGLPGVGVTTSLRPPHHFSPPCFVAALPAAGVAEAPARLSPAIPLEALRDKALRMLGEAVRDGGQHARDPVGGSVEFQFVPVLKLVSTLLVMGIFGDEDVKQILKMIEPEVFTEEEEEEEEEEEEEEEEEEDEEEKEEDEEEEEKEDAEKEEEEAPEGEKEDLEEGLLQMKLPESVKLQMCNLLEYFCDQELQHRVESLAAFAERYVDKLQANQRSRYALLMRAFTMSAAETARRTREFRSPPQEQINMLLHFKDEADEEDCPLPEDIRQDLQDFHQDLLAHCGIQLEGEEEEPEEETSLSSRLRSLLETVRLVKKKEEKPEEELPAEEKKPQSLQELVSHMVVRWAQEDYVQSPELVRAMFSLLHRQYDGLGELLRALPRAYTISPSSVEDTMSLLECLGQIRSLLIVQMGPQEENLMIQSIGNIMNNKVFYQHPNLMRALGMHETVMEVMVNVLGGGETKEIRFPKMVTSCCRFLCYFCRISRQNQRSMFDHLSYLLENSGIGLGMQGSTPLDVAAASVIDNNELALALQEQDLEKVVSYLAGCGLQSCPMLLAKGYPDIGWNPCGGERYLDFLRFAVFVNGESVEENANVVVRLLIRKPECFGPALRGEGGSGLLAAIEEAIRISEDPARDGPGVRRDRRREHFGEEPPEENRVHLGHAIMSFYAALIDLLGRCAPEMHLIQAGKGEALRIRAILRSLVPLDDLVGIISLPLQIPTLXXXXXXXXXXXXXXXXXXXXXXXXXXXXXXXXXXXXXXXXXXXXXXXXXXXXXXXXXXXXXXXXXXXXXXXXXXXXXXXXXXXXXXXXXXXXXXXXXXXXXXXXXXXXXXXXXXXXXXXXXXXXXXXXXXXXXXXXXXXXXXXXXXXXXXXXXXXXXXXXXXXXXXXXXXXXXXXXXXXXXXXXXXXXXXXXXXXXXXXXXXXXXXXXXXXXXXXXXNFDPRPVETLNVIIPEKLDSFINKFAEYTHEKWAFDKIQNNWSYGENVDEELKTHPMLRPYKTFSEKDKEIYRWPIKESLKAMIAWEWTIEKAREGEEERTEKKKTRKISQTAQTYDPREGYNPQPPDLSGVTLSRELQAMAEQLAENYHNTWGRKKKQELEAKGGGTHPLLVPYDTLTAKEKARDREKAQELLKFLQMNGYAVTRXXXXXXXXXXXXXXXXXXXXXXXXXXXXXXXXXXXXXXXXXXXXXXXXXXXXXXXXXXXXXXXXXXXXXXXXXXXXXXXXXXXXXXXXXXXXXXXXXXXXXXXXXXXXXXXXXXXXXXXXXXXXXXXXXXXXXXXXXXXXXXXXXXXXXXXXXXXXXXXXXXXXXXXXXXXXXXXXXXXXXXXXXXXXXXXXXXXXXXXXXXXXXXXXXXXXXXXXXXXXXXXXXXXXXXXXXXXXXXXXXXXXXXXXXXXXXXXXXXXXXXXXXXXXXXXXXXXXXXXXXXXXXXXXXXXXXXXXXXXXXXXXXXXXXXXXXXXXXXXXXXXXXXXXXXXXXXXXXXXXXXXXXXXXXXXXXXXXXXXXXXXXXXXXXXXXXXXXXXXXXXXXXXXXXXXXXXXXXXXXXXXXXXXXXXXXXXXXXXXXXXXXXXXXXXXXXXXXXXXXXXXXXXXXXXXXXXXXXXXXXXXXXXXXXXXXXXXXXXXXXXXXXXXXXXXXXXXXXXXXXXXXXXXXXXXXXXXXXXXXXXXXXXTPLYNLPTHRACNMFLESYKAAWILTEDHSFEDRMIDDLSKAGEQEEEEEEVEEKKPDPLHQLVLHFSRTALTEKSKLDEDYLYMAYADIMAKSCHLEEGGENGEAEEEEVEVSFEEKEMEKQRLLYQQSRLHTRGAAEMVLQMISACKGETGAMVSSTLKLGISILNGGNAEVQQKMLDYLKDKKEVGFFQSIQALMQTCSVLDLNAFERQNKAEGLGMVNEDGTVINRQNGEKVMADDEFTQDLFRFLQLLCEGHNNDFQNYLRTQTGNTTTINIIICTVDYLLRLQESISDFYWYYSGKDVIEEQGKRNFSKAMSVAKQVFNSLTEYIQGPCTGNQQSLAHSRLWDAVVGFLHVFAHMMMKLAQDSSQIELLKELLDLQKDMVVMLLSLLEGNVVNGMIARQMVDMLVESSSNVEMILKFFDMFLKLKDIVGSEAFQDYVTDPRGLISKKDFQKAMDSQKQFTGPEIQFLLSCSEADENEMINFEEFANRFQEPARDIGFNVAVLLTNLSEHVPHDPRLRNFLELAESILEYFRPYLGRIEIMGASRRIERIYFEISETNRAQWEMPQVKESKRQFIFDVVNEGGEAEKMELFVSFCEDTIFEMQIAAQISEPEGEPEADEDEGMGEAAAEGAEEGAAGAEGAAGTVAAGATARLAAAAARALRGLSYRSLRRRVRRLRRLTAREAATALAALLWAVVARAGAAGAGAAAGALRLLWGSLFGGGLVEGAKKVTVTELLAGMPDPTSDEVHGEQPAGPGGDADGAGEGEGEGDAAEGDGDEEVAGHEAGPGGAEGVVAVADGGPFRPEGAGGLGDMGDTTPAEPPTPEGSPILKRKLGVDGEEEELVPEPEPEPEPEPEKADEENGEKEEVPEAPPEPPKKAPPSPPAKKEEAGGAGMEFWGELEVQRVKFLNYLSRNFYTLRFLALFLAFAINFILLFYKVSDSPPGEDDMEGSAAGDLAGAGSGGGSGWGSGAGEEAEGDEDENMVYYFLEESTGYMEPALWCLSLLHTLVAFLCIIGYNCLKVPLVIFKREKELARKLEFDGLYITEQPGDDDVKGQWDRLVLNTPSFPSNYWDKFVKRKVLDKHGDIFGRERIAELLGMDLASLEITAHNERKPDPPPGLLTWLMSIDVKYQIWKFGVIFTDNSFLYLGWYMVMSLLGHYNNFFFAAHLLDIAMGVKTLRTILSSVTHNGKQLVMTVGLLAVVVYLYTVVAFNFFRKFYNKSEDEDEPDMKCDDMMTCYLFHMYVGVRAGGGIGDEIEDPAGDEYELYRVVFDITFFFFVIVILLAIIQGLIIDAFGELRDQQEQVKEDMETKCFICGIGSDYFDTTPHGFETHTLEEHNLANYMFFLMYLINKDETEHTGQESYVWKMYQERCWDFFPAGDCFRKQYEDQLS,19136
3I30,HYDROLASE,Protein,279,0.99,AAQTNAPWGLARISSTSPGTSTYYYDESAGQGSCVYVIDTGIEASHPEFEGRAQMVKTYYYSSRDGNGHGTHCAGTVGSRTYGVAKKTQLFGVKVLDDNGSGQYSTIIAGMDFVASDKNNRNCPKGVVASLSLGGGYSSSVNSAAARLQSSGVMVAVAAGNNNADARNYSPASEPSVCTVGASDRYDRRSSFSNYGSVLDIFGPGTSILSTWIGGSTRSISGTSMATPHVAGLAAYLMTLGKTTAASACRYIADTANKGDLSNIPFGTVNLLAYNNYQA,279
1P3A,STRUCTURAL PROTEIN/DNA,Protein#DNA,1274,3.0,PEPAKSAPAPKKGSKKAVTKTQKKDGKKRRKSRKESYAIYVYKVLKQVHPDTGISSKAMSIMNSFVNDVFERIAGEASRLAHYNKRSTITSREIQTAVRLLLPGELAKHAVSEGTKAVTKYTSAK,1274
5WBH,TRANSFERASE,Protein,536,1.75,GSRVAILWHEMWHEGLEEASRLYFGERNVKGMFEVLEPLHAMMERGPQTLKETSFNQAYGRDLMEAQEWCRKYMKSGNVKDLTQAWDLYYHVFRRISKQSGG,536
4QW9,TRANSFERASE/DNA,Protein#DNA,378,2.4,CAGGAGTCCTGTAGCC,378
4W6R,FLUORESCENT PROTEIN,Protein,3744,3.47,MRKGEELFTGVVPILIELDGDVNGHKFFVRGEGEGDATIGKLSLKFIATTGKLPVPWPTLVTTLTYGVQCFSRYPDHMKRHDFFKSAMPEGYVQERTIYFKCDGTYKTRAEVKFEGDTLVNRIELKGIDFKEDGNILGHKLEYNFNSHKVYITADKQNNGIKANFTIRHNVEDGSVQLADHYQQNTPIGDGPVDLPDDHYLSTQTILSKDLNEKRDHMVLLEYVTAAGITHHHHHH,3744
3EUT,TRANSFERASE,Protein,1516,2.0,LGLSITGLGVQYPPYSLGPDAIDILSKRYHPESPAMKKVLAINRYTGIDQRSSIGNPDHPLVNKPNPPTVKELHEVFMSDGVPLAVEASRKAMAEARLVPAQITHMVSTTCTDSANPGYDHYVAKELGLSDRLEKVLLHGIGCSGGLAALRTAANLCLGHTARGKPARILVLALEVSTTMVRSELESIDALQETRIGIALFSDCASAVILSNGIGEAPGKPAIYDLLGWENRVIPDSEHDLGFDVDPMGWKVVLSPRVPVLAKASLQPTYADLLSSLQDQLPSSYQKPADFDWAMHPGGATILSGAESAMGLTPEHMRASYDRYINHGNSSSATIFSVLNRLREKDMDALAPGGKVKEYVVGCAFGPGINVEMCMLKRR,1516
3NP6,DNA,DNA,24,2.3,CGTACG,24
2G6T,"STRUCTURAL GENOMICS, UNKNOWN FUNCTION",Protein,612,3.0,MYKCLIWGVNDEYTLAYDKLLFEISKGNLSIEALISKDKYAKYIDGKEVIDKTEISNYEFDYIIIFNKERYSDIKNEALELGIPERKILNGKFFFISNFDFKRYCKLIENPITIISDDCWGGLVSSYLGFKFNSPFINFYIHNDDYIKFLENMDYYLEQELKVEQEGNVYSCTMPKGSLGTGDNKIILNFNHQASFAEAKNDWDERKTRINKKNLFVKMLIKDDNEKLVKRFDNLPYKNKVCFHPKPMKYKSVAFFPRYIWRCINYAARTSNSNLEQYTMDMSWLEKSCDILKMLCGEEDFIREKX,612
4DQ7,HYDROLASE,Protein,346,1.4,LQALLPKAQSVGNSRVRFTTAEVDSAVARISQKIGVPASYYQFLIPIENFVVAGGFETTVSGSFRGLGQFNRQTWDGLRRLGRNLPAFEEGSAQLNASLYAIGFLYLENKRAYEASFKGRVFTHEIAYLYHNQGAPAAEQYLTSGRLVYPKQSEAAVAAFAAARNQHVKESWA,346
6AWF,ELECTRON TRANSPORT,Protein,2188,3.35,MINPNPKRSDEPVFWGLFGAGGMWSAIIAPVMILLVGILLPLGLFPGDALSYERVLAFAQSFIGRVFLFLMIVLPLWCGLHRMHHAMHDLKIHVPAGKWVFYGLAAILTVVTLIGVVTI,2188
1YLI,HYDROLASE,Protein,306,1.95,SANFTDKNGRQSKGVLLLRTLAMPSDTNANGDIFGGWIMSQMDMGGAILAKEIAHGRVVTVAVESMNFIKPISVGDVVCCYGQCLKVGRSSIKIKVEVWVKKVASEPIGERYCVTDAVFTFVAVDNNGRSRTIPRENNQELEKALALISEQPL,306
2AKA,CONTRACTILE PROTEIN,Protein,1088,1.9,TRLVPRGSELALE,1088
4XEJ,RIBOSOME,Protein#RNA,21006,3.8,ARKALIEKAKRTPKFKVRAYTRCVRCGRARSVYRFFGLCRICLRELAHKGQLPGVRKASW,21006
4XEJ,RIBOSOME,Protein#RNA,21006,3.8,MRRYEVNIVLNPNLDQSQLALEKEIIQRALENYGARVEKVEELGLRRLAYPIAKDPQGYFLWYQVEMPEDRVNDLARELRIRDNVRRVMVVKSQEPFLANA,21006
4XEJ,RIBOSOME,Protein#RNA,21006,3.8,MFAIVKTGGKQYRVEPGLKLRVEKLDAEPGATVELPVLLLGGEKTVVGTPVVEGASVVAEVLGHGRGKKILVSKFKAKVQYRRKKGHRQPYTELLIKEIRG,21006
5F49,TRANSFERASE,Protein,628,2.15,MGQNMEIDNFLKIERLAENDLPKFIQLIRLFEAVFEMKNFSIPDSEHLQKLLNQNNFYVFVALLENKIVGGLTSYVLEQYYSEKPLAYIYDLAVDTNWQRQGIGKKLITATNQFYTEKGFEEVFVQADKVDDYALDFYRSTKPTAEEQVVHFYYTLK,628
1VQC,DNA BINDING PROTEIN,Protein,87,1.8,MIKVEIKPSQAQFTTRSGVSRQGKPYSLNEQLCYIDLGNEYPVLVKFTLDEGQPAYAPGLYTVHLSSFKVGQFGSLMIDRLRLVPAK,87
2JCN,APOPTOSIS,Protein,172,1.8,SMSASEEQVAQDTEEVFRSYVFYRHQQEQEAEGVAAPADPEMVTLPLQPSSTMGQVGRQLAIIGDDINRRYDSEFQTMLQHLQPTAENAYEYFTKIATSLFESGINWGRVVALLGFGYRLALHVYQHGLTGFLGQVTRFVVDFMLHHCIARWIAQRGGWVAALNLGNGPILN,172
5HMR,OXIDOREDUCTASE,Protein,524,2.0,AGHMLPVEPPAELLQLGGGDVGGGRLSVDASDIAEASRDFGGVARAEPMAVFHPRAAGDVAGLVGAAFRSARGFRVSARGHGHSISGQAQAAGGVVVDMSRGRGPGAAVARALPVHSAALGGHYVDVWGGELWVDVLNWTLSHGGLAPRSWTDYLYLSVGGTLSNAGISGQAFHHGPQISNVYELDVVTGKGEVVTCSETENPDLFFGVLGGLGQFGIITRARIALERAPKRVRWIRALYSNFSEFTADQERLISLGSGGGRRFDYVEGFVVAAEGLINNWRSSFFSPQNPVKLTSLKHHSSVLYCLEVTKNYDDETAGSVDQDVDTLLGELNFLPGTVFTTDLPYVDFLDRVHKAELKLRAKGMWEVPHPWLNLFVPASRIADFDRGVFRGVLGGRTAGAGGPVLIYPMNKHKWDPRSSAVTPDEEVFYLVAFLRSALPGAPESLEALARQNQRILDFCAGTGIGAKQYLPGHKARHEWAEHFGAARWDRFARLKAEFDPRAILAAGQGIFRPPGSPALAADS,524
1K2T,OXIDOREDUCTASE,Protein,838,2.2,RFLKVKNWETDVVLTDTLHLKSTLETGCTEHICMGSIMLPSQHTRKPEDVRTKDQLFPLAKEFLDQYYSSIKRFGSKAHMDRLEEVNKEIESTSTYQLKDTELIYGAKHAWRNASRCVGRIQWSKLQVFDARDCTTAHGMFNYICNHVKYATNKGNLRSAITIFPQRTDGKHDFRVWNSQLIRYAGYKQPDGSTLGDPANVQFTEICIQQGWKAPRGRFDVLPLLLQANGNDPELFQIPPELVLEVPIRHPKFDWFKDLGLKWYGLPAVSNMLLEIGGLEFSACPFSGWYMGTEIGVRDYCDNSRYNILEEVAKKMDLDMRKTSSLWKDQALVEINIAVLYSFQSDKVTIVDHHSATESFIKHMENEYRCRGGCPADWVWIVPPMSGSITPVFHQEMLNYRLTPSFEYQPDPWNTHVWK,838
1CDE,TRANSFERASE(FORMYL),Protein,848,2.5,MNIVVLISGNGSNLQAIIDACKTNKIKGTVRAVFSNKADAFGLERARQAGIATHTLIASAFDSREAYDRELIHEIDMYAPDVVVLAGFMRILSPAFVSHYAGRLLNIHPSLLPKYPGLHTHRQALENGDEEHGTSVHFVTDELDGGPVILQAKVPVFAGDSEDDITARVQTQEHAIYPLVISWFADGRLKMHENAAWLDGQRLPPQGYAADE,848
5P4T,HYDROLASE,Protein,330,1.7,STGSATTTPIDSLDDAYITPVQIGTPAQTLNLDFDTGSSDLWVFSSETTASEVDGQTIYTPSKSTTAKLLSGATWSISYGDGSSSSGDVYTDTVSVGGLTVTGQAVESAKKVSSSFTEDSTIDGLLGLAFSTLNTVSPTQQKTFFDNAKASLDSPVFTADLGYHAPGTYNFGFIDTTAYTGSITYTAVSTKQGFWEWTSTGYAVGSGTFKSTSIDGIADTGTTLLYLPATVVSAYWAQVSGAKSSSSVGGYVFPCSATLPSFTFGVGSARIVIPGDYIDFGPISTGSSSCFGGIQSSAGIGINIFGDVALKAAFVVFNGATTPTLGFASK,330
1AV1,LIPID TRANSPORT,Protein,804,4.0,MLKLLDNWDSVTSTFSKLREQLGPVTQEFWDNLEKETEGLRQEMSKDLEEVKAKVQPYLDDFQKKWQEEMELYRQKVEPLRAELQEGARQKLHELQEKLSPLGEEMRDRARAHVDALRTHLAPYSDELRQRLAARLEALKENGGARLAEYHAKATEHLSTLSEKAKPALEDLRQGLLPVLESFKVSFLSALEEYTKKLNTQ,804
2QFI,TRANSPORT PROTEIN,Protein,600,3.8,MNQSYGRLVSRAAIAATAMASLLLLIKIFAWWYTGSVSILAALVDSLVDIGASLTNLLVVRYSLQPADDNHSFGHGKAESLAALAQSMFISGSALFLFLTGIQHLISPTPMTDPGVGVIVTIVALICTIILVSFQRWVVRRTQSQAVRADMLHYQSDVMMNGAILLALGLSWYGWHRADALFALGIGIYILYSALRMGYEAVQSLLDRALPDEERQEIIDIVTSWPGVSGAHDLRTRQSGPTRFIQIHLEMEDSLPLVQAHMVADQVEQAILRRFPGSDVIIHQDPCSVVPREGKRSMLS,600
